file,sheet,row,year,category,asset,side,entry_date,exit_date,pnl,side_norm
Donchian Phi Log - Jun e Jul.xlsx,Trading Log,2,2015,Ações,CIEL3,Long,2015-04-30,,-118.0,Compra/Long
Donchian Phi Log - Jun e Jul.xlsx,Trading Log,3,2015,Ações,CVCB3,Long,2015-05-19,2015-06-15,-89.00000000000023,Compra/Long
Donchian Phi Log - Jun e Jul.xlsx,Trading Log,4,2015,Ações,EQTL3,Long,2015-03-19,2015-07-31,533.0,Compra/Long
Donchian Phi Log - Jun e Jul.xlsx,Trading Log,5,2015,Ações,FLRY3,Long,2015-04-22,2015-07-27,189.99999999999955,Compra/Long
Donchian Phi Log - Jun e Jul.xlsx,Trading Log,6,2015,Ações,LIGT3,Long,2015-04-14,,233.0,Compra/Long
Donchian Phi Log - Jun e Jul.xlsx,Trading Log,7,2015,Ações,ODPV3,Long,2015-05-21,2015-06-16,-172.0,Compra/Long
Donchian Phi Log - Jun e Jul.xlsx,Trading Log,8,2015,Ações,PETR4,Long,2015-05-06,,-133.0,Compra/Long
Donchian Phi Log - Jun e Jul.xlsx,Trading Log,9,2015,Ações,SBSP3,Long,2015-03-24,2015-06-11,-155.0,Compra/Long
Donchian Phi Log - Jun e Jul.xlsx,Trading Log,10,2015,Ações,VLID3,Long,2015-03-12,2015-06-10,455.0,Compra/Long
Donchian Phi Log - Jun e Jul.xlsx,Trading Log,11,2015,Ações,WEGE3,Long,2015-05-15,2015-07-28,372.0000000000009,Compra/Long
Donchian Phi Log - Jun e Jul.xlsx,Trading Log,12,2015,Ações,KROT3,Long,2015-05-22,2015-07-03,-90.0,Compra/Long
Donchian Phi Log - Jun e Jul.xlsx,Trading Log,13,2015,Ações,MYPK3,Long,2015-05-22,2015-07-07,-112.0,Compra/Long
Donchian Phi Log - Jun e Jul.xlsx,Trading Log,14,2015,Ações,LEVE3,Long,2015-05-29,2015-06-16,-94.0,Compra/Long
Donchian Phi Log - Jun e Jul.xlsx,Trading Log,15,2015,Ações,OIBR3,Long,2015-06-01,2015-06-29,-144.0,Compra/Long
Donchian Phi Log - Jun e Jul.xlsx,Trading Log,16,2015,Ações,OIBR4,Long,2015-06-01,2015-06-29,-132.0,Compra/Long
Donchian Phi Log - Jun e Jul.xlsx,Trading Log,17,2015,FIIs,TAEE11,Long,2015-06-05,2015-07-02,3.0,Compra/Long
Donchian Phi Log - Jun e Jul.xlsx,Trading Log,18,2015,Ações,ESTC3,Long,2015-06-12,2015-06-29,-262.9999999999998,Compra/Long
Donchian Trading Log - Nov e Dez.xlsx,Stocks - Trading Log,2,2015,Ações,ODPV3,Long,2015-11-04,2015-11-10,0.0,Compra/Long
Donchian Trading Log - Nov e Dez.xlsx,Stocks - Trading Log,3,2015,Ações,PETR3,Long,2015-11-04,2015-11-10,-88.00000000000011,Compra/Long
Donchian Trading Log - Nov e Dez.xlsx,Stocks - Trading Log,4,2015,Ações,PETR4,Long,2015-11-04,2015-11-10,-151.99999999999977,Compra/Long
Donchian Trading Log - Nov e Dez.xlsx,Stocks - Trading Log,5,2015,Ações,SLCE3,Long,2015-11-04,2015-11-16,-125.0,Compra/Long
Donchian Trading Log - Nov e Dez.xlsx,Stocks - Trading Log,6,2015,Ações,ALPA4,Long,2015-11-04,2015-11-24,-1.9999999999997726,Compra/Long
Donchian Trading Log - Nov e Dez.xlsx,Stocks - Trading Log,7,2015,Ações,BVMF3,Long,2015-11-04,2015-11-27,-54.0,Compra/Long
Donchian Trading Log - Nov e Dez.xlsx,Stocks - Trading Log,8,2015,Ações,ALSC3,Long,2015-11-05,2015-11-30,4.0,Compra/Long
Donchian Trading Log - Nov e Dez.xlsx,Stocks - Trading Log,9,2015,Ações,FLRY3,Long,2015-11-05,2015-11-17,-82.0,Compra/Long
Donchian Trading Log - Nov e Dez.xlsx,Stocks - Trading Log,10,2015,Ações,GFSA3,Long,2015-11-05,2015-11-30,-68.00000000000011,Compra/Long
Donchian Trading Log - Nov e Dez.xlsx,Stocks - Trading Log,11,2015,Ações,BRSR6,Long,2015-11-06,2015-11-30,-154.0,Compra/Long
Donchian Trading Log - Nov e Dez.xlsx,Stocks - Trading Log,12,2015,Ações,DIRR3,Long,2015-11-06,2015-11-24,-96.0,Compra/Long
Donchian Trading Log - Nov e Dez.xlsx,Stocks - Trading Log,13,2015,Ações,ENBR3,Long,2015-11-06,2015-11-10,-30.0,Compra/Long
Donchian Trading Log - Nov e Dez.xlsx,Stocks - Trading Log,14,2015,Ações,GETI3,Long,2015-11-06,2015-11-24,-122.0,Compra/Long
Donchian Trading Log - Nov e Dez.xlsx,Stocks - Trading Log,15,2015,Ações,ABCB4,Long,2015-11-06,2015-12-01,12.0,Compra/Long
Donchian Trading Log - Nov e Dez.xlsx,Stocks - Trading Log,16,2015,Ações,QUAL3,Long,2015-11-06,2015-11-10,-82.0,Compra/Long
Donchian Trading Log - Nov e Dez.xlsx,Stocks - Trading Log,17,2015,Ações,RAPT4,Long,2015-11-06,2015-11-17,-140.0,Compra/Long
Donchian Trading Log - Nov e Dez.xlsx,Stocks - Trading Log,18,2015,Ações,BRIN3F,Long,2015-11-12,2015-12-08,-56.0,Compra/Long
Donchian Trading Log - Nov e Dez.xlsx,Stocks - Trading Log,19,2015,Ações,CSNA3,Long,2015-11-12,2015-12-03,-13.0,Compra/Long
Donchian Trading Log - Nov e Dez.xlsx,Stocks - Trading Log,20,2015,Ações,ELET3,Long,2015-11-12,2015-12-01,-45.0,Compra/Long
Donchian Trading Log - Nov e Dez.xlsx,Stocks - Trading Log,21,2015,Ações,LAME3,Long,2015-11-12,2015-11-30,-47.0,Compra/Long
Donchian Trading Log - Nov e Dez.xlsx,Stocks - Trading Log,22,2015,Ações,LPSB3,Long,2015-11-12,2015-11-25,-44.00000000000006,Compra/Long
Donchian Trading Log - Nov e Dez.xlsx,Stocks - Trading Log,23,2015,Ações,MRVE3,Long,2015-11-12,2015-11-30,-6.999999999999773,Compra/Long
Donchian Trading Log - Nov e Dez.xlsx,Stocks - Trading Log,24,2015,Ações,POMO4,Long,2015-11-12,2015-11-30,-57.0,Compra/Long
Donchian Trading Log - Nov e Dez.xlsx,Stocks - Trading Log,25,2015,Ações,ARTR3,Long,2015-11-19,2015-11-30,-11.000000000000114,Compra/Long
Donchian Trading Log - Nov e Dez.xlsx,Stocks - Trading Log,26,2015,Ações,ARTR3,Long,2015-11-23,2015-11-30,-64.0,Compra/Long
Donchian Trading Log - Nov e Dez.xlsx,Stocks - Trading Log,27,2015,Ações,CCRO3,Long,2015-11-23,2015-11-30,-97.0,Compra/Long
Donchian Trading Log - Nov e Dez.xlsx,Stocks - Trading Log,28,2015,Ações,ITSA4,Long,2015-11-23,2015-11-27,-84.0,Compra/Long
Donchian Trading Log - Nov e Dez.xlsx,Stocks - Trading Log,29,2015,FIIs,SANB11,Long,2015-11-23,2015-11-30,-131.0,Compra/Long
Donchian Trading Log - Nov e Dez.xlsx,Stocks - Trading Log,30,2015,Ações,MRFG3,Long,2015-11-25,2015-11-27,-126.0,Compra/Long
Donchian Trading Log - Nov e Dez.xlsx,Stocks - Trading Log,31,2015,Ações,GGBR4,Long,2015-11-25,2015-11-30,-62.0,Compra/Long
Donchian Trading Log - Nov e Dez.xlsx,Stocks - Trading Log,32,2015,Ações,PETR4,Long,2015-11-25,2015-11-30,-76.0,Compra/Long
Donchian Trading Log - Nov e Dez.xlsx,Stocks - Trading Log,33,2015,Ações,PETR3,Long,2015-11-25,2015-11-30,-99.0,Compra/Long
EMAs Phi3 Log - v1 - Jul e Ago.xlsx,PhiCubed - EMA - 34 72 305 ,2,2015,Ações,CVCB3,Long,2015-06-29,2015-07-28,-18.0,Compra/Long
EMAs Phi3 Log - v1 - Jul e Ago.xlsx,PhiCubed - EMA - 34 72 305 ,3,2015,Ações,ELPL4,Long,2015-06-29,2015-07-20,117.0,Compra/Long
EMAs Phi3 Log - v1 - Jul e Ago.xlsx,PhiCubed - EMA - 34 72 305 ,4,2015,Ações,FIBR3,Long,2015-06-29,2015-07-17,-381.99999999999955,Compra/Long
EMAs Phi3 Log - v1 - Jul e Ago.xlsx,PhiCubed - EMA - 34 72 305 ,5,2015,Ações,RADL3,Long,2015-06-29,2015-07-24,330.0,Compra/Long
EMAs Phi3 Log - v1 - Jul e Ago.xlsx,PhiCubed - EMA - 34 72 305 ,6,2015,Ações,ENBR3,Long,2015-07-10,2015-08-17,230.0,Compra/Long
EMAs Phi3 Log - v1 - Jul e Ago.xlsx,PhiCubed - EMA - 34 72 305 ,7,2015,Ações,LAME4,Long,2015-07-14,2015-07-23,-98.99999999999909,Compra/Long
EMAs Phi3 Log - v1 - Jul e Ago.xlsx,PhiCubed - EMA - 34 72 305 ,8,2015,Ações,BEEF3,Long,2015-07-23,2015-07-24,-180.0,Compra/Long
EMAs Phi3 Log - v1 - Jul e Ago.xlsx,PhiCubed - EMA - 34 72 305 ,9,2015,Ações,MPLU3,Long,2015-07-23,2015-07-24,-66.99999999999955,Compra/Long
EMAs Phi3 Log - v1 - Jul e Ago.xlsx,PhiCubed - EMA - 34 72 305 ,10,2015,Ações,WEGE3,Long,2015-07-24,2015-07-28,-156.0,Compra/Long
EMAs Phi3 Log - v1 - Jul e Ago.xlsx,PhiCubed - EMA - 34 72 305 ,11,2015,Ações,GETI3,Long,2015-07-31,2015-08-10,-147.99999999999955,Compra/Long
EMAs Phi3 Log - v1 - Jul e Ago.xlsx,PhiCubed - EMA - 34 72 305 ,12,2015,Ações,VLID3,Long,2015-07-31,2015-08-10,-145.0,Compra/Long
EMAs Phi3 Log - v1 - Jul e Ago.xlsx,PhiCubed - EMA - 34 72 305 ,13,2015,Ações,EQTL3,Long,2015-07-31,2015-08-07,-164.0,Compra/Long
EMAs Phi3 Log - v1 - Jul e Ago.xlsx,PhiCubed - EMA - 34 72 305 ,14,2015,Ações,CVCB3,Long,2015-08-03,2015-08-04,-187.99999999999955,Compra/Long
EMAs Phi3 Log - v1 - Jul e Ago.xlsx,PhiCubed - EMA - 34 72 305 ,15,2015,Ações,PSSA3,Long,2015-08-03,2015-08-06,-274.0,Compra/Long
EMAs Phi3 Log - v1 - Jul e Ago.xlsx,PhiCubed - EMA - 34 72 305 ,16,2015,Ações,FLRY3,Long,2015-08-04,2015-08-06,-264.0,Compra/Long
EMAs Phi3 Log - v1 - Jul e Ago.xlsx,PhiCubed - EMA - 34 72 305 ,17,2015,Ações,WEGE3,Long,2015-08-07,2015-08-12,-54.0,Compra/Long
EMAs Phi3 Log - v1 - Jul e Ago.xlsx,PhiCubed - EMA - 34 72 305 ,18,2015,Ações,RADL3,Long,2015-08-07,2015-08-13,-84.0,Compra/Long
EMAs Phi3 Log - v1 - Jul e Ago.xlsx,PhiCubed - EMA - 34 72 305 ,19,2015,Ações,CTIP3,Long,2015-08-07,2015-08-13,-273.9999999999991,Compra/Long
EMAs Phi3 Log - v1 - Jul e Ago.xlsx,PhiCubed - EMA - 34 72 305 ,20,2015,Ações,BEEF3,Long,2015-08-11,2015-08-24,-132.0,Compra/Long
EMAs Phi3 Log - v1 - Jul e Ago.xlsx,PhiCubed - EMA - 34 72 305 ,21,2015,Ações,MPLU3,Long,2015-08-11,2015-08-19,-134.0,Compra/Long
EMAs Phi3 Log - v1 - Jul e Ago.xlsx,PhiCubed - EMA - 34 72 305 ,22,2015,FIIs,SULA11,Long,2015-08-12,2015-08-19,-150.0,Compra/Long
EMAs Phi3 Log - v1 - Jul e Ago.xlsx,PhiCubed - EMA - 34 72 305 ,23,2015,Ações,GETI3,Long,2015-08-14,2015-08-20,-260.0,Compra/Long
EMAs Phi3 Log - v1 - Jul e Ago.xlsx,PhiCubed - EMA - 34 72 305 ,24,2015,Ações,SMLE3,Long,2015-08-14,2015-08-19,-305.0,Compra/Long
EMAs Phi3 Log - v1 - Jul e Ago.xlsx,PhiCubed - EMA - 34 72 305 ,25,2015,Ações,SUZB5,Long,2015-08-18,2015-08-24,-94.00000000000045,Compra/Long
EMAs Phi3 Log - v1 - Jul e Ago.xlsx,PhiCubed - EMA - 34 72 305 ,26,2015,Ações,FLRY3,Long,2015-08-18,2015-08-21,-177.0,Compra/Long
EMAs Phi3 Log - v1 - Jul e Ago.xlsx,PhiCubed - EMA - 34 72 305 ,27,2015,Ações,MÉDIA/TOTAL,,,,-3071.999999999997,Não informado
EMAs Phi3 Log - v2 - Ago Set e Out.xlsx,PhiCubed - EMA - 34 72 305 ,2,2015,Ações,EVEN3,SHORT,2015-08-20,2015-08-21,-153.0,Venda/Short
EMAs Phi3 Log - v2 - Ago Set e Out.xlsx,PhiCubed - EMA - 34 72 305 ,3,2015,Ações,CYRE3,SHORT,2015-08-20,2015-08-27,-192.0,Venda/Short
EMAs Phi3 Log - v2 - Ago Set e Out.xlsx,PhiCubed - EMA - 34 72 305 ,4,2015,Ações,MULT3,SHORT,2015-08-24,2015-08-27,-245.0,Venda/Short
EMAs Phi3 Log - v2 - Ago Set e Out.xlsx,PhiCubed - EMA - 34 72 305 ,5,2015,Ações,BBDC3,SHORT,2015-08-24,2015-08-26,-154.0,Venda/Short
EMAs Phi3 Log - v2 - Ago Set e Out.xlsx,PhiCubed - EMA - 34 72 305 ,6,2015,Ações,AMAR3,SHORT,2015-08-25,2015-08-27,57.0,Venda/Short
EMAs Phi3 Log - v2 - Ago Set e Out.xlsx,PhiCubed - EMA - 34 72 305 ,7,2015,Ações,ALPA4,SHORT,2015-08-25,2015-08-27,-138.0,Venda/Short
EMAs Phi3 Log - v2 - Ago Set e Out.xlsx,PhiCubed - EMA - 34 72 305 ,8,2015,Ações,BTOW3,SHORT,2015-08-25,2015-08-28,-106.99999999999977,Venda/Short
EMAs Phi3 Log - v2 - Ago Set e Out.xlsx,PhiCubed - EMA - 34 72 305 ,9,2015,Ações,BRPR3,SHORT,2015-08-25,2015-09-08,-78.0,Venda/Short
EMAs Phi3 Log - v2 - Ago Set e Out.xlsx,PhiCubed - EMA - 34 72 305 ,10,2015,Ações,ABCB4,SHORT,2015-08-25,2015-09-16,-104.00000000000091,Venda/Short
EMAs Phi3 Log - v2 - Ago Set e Out.xlsx,PhiCubed - EMA - 34 72 305 ,11,2015,Ações,EZTC3,SHORT,2015-08-25,2015-08-27,-192.0,Venda/Short
EMAs Phi3 Log - v2 - Ago Set e Out.xlsx,PhiCubed - EMA - 34 72 305 ,12,2015,Ações,BRML3,SHORT,2015-08-25,2015-09-09,-207.0,Venda/Short
EMAs Phi3 Log - v2 - Ago Set e Out.xlsx,PhiCubed - EMA - 34 72 305 ,13,2015,Ações,ESTC3,SHORT,2015-08-25,2015-09-14,-26.0,Venda/Short
EMAs Phi3 Log - v2 - Ago Set e Out.xlsx,PhiCubed - EMA - 34 72 305 ,14,2015,Ações,IGTA3,SHORT,2015-08-25,2015-10-09,-220.0,Venda/Short
EMAs Phi3 Log - v2 - Ago Set e Out.xlsx,PhiCubed - EMA - 34 72 305 ,15,2015,Ações,DIRR3,SHORT,2015-08-28,2015-09-09,-56.0,Venda/Short
EMAs Phi3 Log - v2 - Ago Set e Out.xlsx,PhiCubed - EMA - 34 72 305 ,16,2015,Ações,ALSC3,SHORT,2015-08-28,2015-09-14,120.0,Venda/Short
EMAs Phi3 Log - v2 - Ago Set e Out.xlsx,PhiCubed - EMA - 34 72 305 ,17,2015,Ações,TIMP3,SHORT,2015-08-28,2015-09-09,36.000000000000455,Venda/Short
EMAs Phi3 Log - v2 - Ago Set e Out.xlsx,PhiCubed - EMA - 34 72 305 ,18,2015,Ações,OIBR4,SHORT,2015-08-28,2015-09-14,25.0,Venda/Short
EMAs Phi3 Log - v2 - Ago Set e Out.xlsx,PhiCubed - EMA - 34 72 305 ,19,2015,Ações,SMTO3,SHORT,2015-08-28,2015-09-02,-29.0,Venda/Short
EMAs Phi3 Log - v2 - Ago Set e Out.xlsx,PhiCubed - EMA - 34 72 305 ,20,2015,Ações,LIGT3,SHORT,2015-09-01,2015-09-02,-148.0,Venda/Short
EMAs Phi3 Log - v2 - Ago Set e Out.xlsx,PhiCubed - EMA - 34 72 305 ,21,2015,Ações,ELET3,SHORT,2015-09-01,2015-09-03,-181.99999999999955,Venda/Short
EMAs Phi3 Log - v2 - Ago Set e Out.xlsx,PhiCubed - EMA - 34 72 305 ,22,2015,Ações,ALPA4,SHORT,2015-09-01,2015-09-08,-230.0,Venda/Short
EMAs Phi3 Log - v2 - Ago Set e Out.xlsx,PhiCubed - EMA - 34 72 305 ,23,2015,Ações,NATU3,SHORT,2015-09-01,2015-10-07,132.0,Venda/Short
EMAs Phi3 Log - v2 - Ago Set e Out.xlsx,PhiCubed - EMA - 34 72 305 ,24,2015,Ações,ECOR3,SHORT,2015-09-01,2015-09-30,296.0,Venda/Short
EMAs Phi3 Log - v2 - Ago Set e Out.xlsx,PhiCubed - EMA - 34 72 305 ,25,2015,Ações,GFSA3,SHORT,2015-09-03,2015-09-08,-168.99999999999955,Venda/Short
EMAs Phi3 Log - v2 - Ago Set e Out.xlsx,PhiCubed - EMA - 34 72 305 ,26,2015,Ações,PETR4,SHORT,2015-09-03,2015-09-30,501.0,Venda/Short
EMAs Phi3 Log - v2 - Ago Set e Out.xlsx,PhiCubed - EMA - 34 72 305 ,27,2015,FIIs,ALUP11,SHORT,2015-09-03,2015-09-11,-152.0,Venda/Short
EMAs Phi3 Log - v2 - Ago Set e Out.xlsx,PhiCubed - EMA - 34 72 305 ,28,2015,Ações,PETR3,SHORT,2015-09-03,2015-09-30,344.0,Venda/Short
EMAs Phi3 Log - v2 - Ago Set e Out.xlsx,PhiCubed - EMA - 34 72 305 ,29,2015,Ações,BBDC4,SHORT,2015-09-09,2015-09-14,-63.0,Venda/Short
EMAs Phi3 Log - v2 - Ago Set e Out.xlsx,PhiCubed - EMA - 34 72 305 ,30,2015,Ações,ALPA4,SHORT,2015-09-09,2015-10-02,375.0,Venda/Short
EMAs Phi3 Log - v2 - Ago Set e Out.xlsx,PhiCubed - EMA - 34 72 305 ,31,2015,Ações,CPFE3,SHORT,2015-09-09,2015-09-15,-158.0,Venda/Short
EMAs Phi3 Log - v2 - Ago Set e Out.xlsx,PhiCubed - EMA - 34 72 305 ,32,2015,Ações,CMIG4,SHORT,2015-09-11,2015-09-16,0.0,Venda/Short
EMAs Phi3 Log - v2 - Ago Set e Out.xlsx,PhiCubed - EMA - 34 72 305 ,33,2015,Ações,ITSA3,SHORT,2015-09-11,2015-09-15,-300.0,Venda/Short
EMAs Phi3 Log - v2 - Ago Set e Out.xlsx,PhiCubed - EMA - 34 72 305 ,34,2015,Ações,MÉDIA/TOTAL,,,,-1416.9999999999995,Não informado
Futures Phi v1.xlsx,Phi - EMA - 17 34,2,2015,Futuros,WINQ15,1.0,2015-07-21,2015-08-11,618.0,Não informado
Futures Phi v1.xlsx,Phi - EMA - 17 34,3,2015,Futuros,WDOU15,1.0,2015-08-06,2015-08-06,-10.0,Não informado
Futures Phi v1.xlsx,Phi - EMA - 17 34,4,2015,Futuros,CCMU15,1.0,2015-08-19,2015-09-09,1026.0,Não informado
Futures Phi v1.xlsx,Phi - EMA - 17 34,5,2015,Futuros,BGIV15,1.0,2015-08-20,2015-09-16,-59.400000000001455,Não informado
Futures Phi v1.xlsx,Phi - EMA - 17 34,6,2015,Futuros,WDOV15,1.0,2015-09-14,2015-09-14,-450.0,Não informado
Futures Phi v1.xlsx,Phi - EMA - 17 34,7,2015,Futuros,CCMX15,1.0,2015-09-09,-,706.5,Não informado
Futures Phi v1.xlsx,Phi - EMA - 17 34,8,2015,Futuros,WINV15,2.0,2015-09-15,2015-09-15,-54.0,Não informado
Futures Phi v1.xlsx,Phi - EMA - 17 34,9,2015,Futuros,WDOV15,1.0,2015-09-15,-,1119.0,Não informado
Futures Phi v1.xlsx,Phi - EMA - 17 34,10,2015,Futuros,ICFZ15,1.0,2015-09-15,2015-09-16,-310.40000000000146,Não informado
Futures Phi v1.xlsx,Phi - EMA - 17 34,11,2015,Futuros,BGIV15,1.0,2015-09-17,-,-99.00000000000728,Não informado
Futures Phi v1.xlsx,Phi - EMA - 17 34,12,2015,Futuros,BGIV15,1.0,2015-09-17,-,-544.5000000000073,Não informado
Futures Phi v1.xlsx,Phi - EMA - 17 34,13,2015,Futuros,WINV15,2.0,2015-09-15,-,-450.0,Não informado
Futures Phi v1.xlsx,Phi - EMA - 17 34,14,2015,Futuros,ICFZ15,1.0,2015-09-23,2015-09-16,-372.33000000000175,Não informado
Futures Phi v1.xlsx,Phi - EMA - 17 34,15,2015,Futuros,WDOV15,1.0,2015-09-25,-,-11.0,Não informado
Futures Phi v1.xlsx,Phi - EMA - 17 34,16,2015,Futuros,BGIV15,2.0,2015-09-17,-,-165.0,Não informado
Futures Phi v1.xlsx,Phi - EMA - 17 34,17,2015,Futuros,CCMX15,1.0,2015-09-29,-,-580.5000000000036,Não informado
Futures Phi v1.xlsx,Phi - EMA - 17 34,18,2015,Futuros,ICFZ15,1.0,2015-09-30,-,-1421.0,Não informado
Futures Phi v1.xlsx,Phi - EMA - 17 34,19,2015,Futuros,BGIV15,1.0,2015-09-30,2015-10-19,62.69999999999709,Não informado
Futures Phi v1.xlsx,Phi - EMA - 17 34,20,2015,Futuros,WDOX15,1.0,2015-10-01,-,-655.0,Não informado
Futures Phi v1.xlsx,Phi - EMA - 17 34,21,2015,Futuros,WDOX15,1.0,2015-10-14,2015-10-14,-620.0,Não informado
Futures Phi v1.xlsx,Phi - EMA - 17 34,22,2015,Futuros,CCMX15,2.0,2015-10-14,2015-10-15,-513.0,Não informado
Futures Phi v1.xlsx,Phi - EMA - 17 34,23,2015,Futuros,WINZ15,2.0,2015-10-14,2015-10-19,222.0,Não informado
Futures Phi v1.xlsx,Phi - EMA - 17 34,24,2015,Futuros,MÉDIA/TOTAL,,,,-2560.9300000000258,Não informado
Journal 2018 - Ficou muito complexa para gerenciar - nao gostei.xlsx,Position Trades,2,2018,Ações,FESA4,Long,2017-12-07,,4980.0,Compra/Long
Journal 2018 - Ficou muito complexa para gerenciar - nao gostei.xlsx,Position Trades,3,2018,Ações,ESTC3,Long,2017-12-13,,36.0,Compra/Long
Journal 2018 - Ficou muito complexa para gerenciar - nao gostei.xlsx,Position Trades,4,2018,FIIs,VVAR11,Long,2017-12-19,,-587.9999999999982,Compra/Long
Journal 2018 - Ficou muito complexa para gerenciar - nao gostei.xlsx,Position Trades,5,2018,Ações,CGAS5,Long,2017-12-21,,2080.0,Compra/Long
Journal 2018 - Ficou muito complexa para gerenciar - nao gostei.xlsx,Position Trades,6,2018,Ações,MYPK3,Long,2017-12-22,,256.0,Compra/Long
Journal 2018 - Ficou muito complexa para gerenciar - nao gostei.xlsx,Position Trades,7,2018,Ações,POMO4 (T),Long,2017-12-26,,-112.0,Compra/Long
Journal 2018 - Ficou muito complexa para gerenciar - nao gostei.xlsx,Position Trades,8,2018,Ações,HBOR3(T),Long,,2018-01-29,-1968.0,Compra/Long
Journal 2018 - Ficou muito complexa para gerenciar - nao gostei.xlsx,Position Trades,9,2018,Futuros,WING18,Long,2018-01-02,2018-01-02,520.0,Compra/Long
Journal 2018 - Ficou muito complexa para gerenciar - nao gostei.xlsx,Position Trades,10,2018,Futuros,WING18,Long,2018-01-02,2018-01-02,-320.0,Compra/Long
Journal 2018 - Ficou muito complexa para gerenciar - nao gostei.xlsx,Position Trades,11,2018,Futuros,WING18,Long,2018-01-03,2018-01-03,-760.0,Compra/Long
Journal 2018 - Ficou muito complexa para gerenciar - nao gostei.xlsx,Position Trades,12,2018,Futuros,WDOG18,Long,2018-01-03,2018-01-03,-200.0,Compra/Long
Journal 2018 - Ficou muito complexa para gerenciar - nao gostei.xlsx,Position Trades,13,2018,Ações,LINX3 (T),Long,2018-01-26,2018-01-29,-1610.0,Compra/Long
Journal 2018 - Ficou muito complexa para gerenciar - nao gostei.xlsx,Position Trades,14,2018,Futuros,WING18,Long,2018-01-26,2018-01-26,-212.0,Compra/Long
Journal 2018 - Ficou muito complexa para gerenciar - nao gostei.xlsx,Position Trades,15,2018,Futuros,WING18,Short,2018-01-29,2018-01-29,-860.0,Venda/Short
Journal 2018 - Ficou muito complexa para gerenciar - nao gostei.xlsx,Position Trades,17,2018,Ações,EVEN3,Long,2017-12-21,2018-02-05,1820.0000000000036,Compra/Long
Journal 2018 - Ficou muito complexa para gerenciar - nao gostei.xlsx,Position Trades,18,2018,Ações,GRND3(T),Long,2017-12-21,2018-02-05,-220.0,Compra/Long
Journal 2018 - Ficou muito complexa para gerenciar - nao gostei.xlsx,Position Trades,19,2018,Ações,JHSF3,Long,,2018-02-05,-1428.0,Compra/Long
Journal 2018 - Ficou muito complexa para gerenciar - nao gostei.xlsx,Position Trades,20,2018,Ações,BRSR6,Long,2018-01-24,2018-02-05,1450.0,Compra/Long
Journal 2018 - Ficou muito complexa para gerenciar - nao gostei.xlsx,Position Trades,21,2018,FIIs,VVAR11,Long,2018-01-24,2018-02-05,1080.0,Compra/Long
Journal 2018 - Ficou muito complexa para gerenciar - nao gostei.xlsx,Position Trades,22,2018,Ações,EZTC3 (T),Long,2018-01-26,2018-02-05,-560.0,Compra/Long
Journal 2018 - Ficou muito complexa para gerenciar - nao gostei.xlsx,Position Trades,23,2018,Ações,TGMA3 (T),Long,2018-01-26,2018-02-05,-220.0,Compra/Long
Journal 2018 - Ficou muito complexa para gerenciar - nao gostei.xlsx,Position Trades,24,2018,Ações,LIGT3,Long,2018-01-30,2018-02-05,-2336.0,Compra/Long
Journal 2018 - Ficou muito complexa para gerenciar - nao gostei.xlsx,Position Trades,25,2018,Ações,CARD3 (T),Long,2018-01-30,2018-02-05,2375.0,Compra/Long
Journal 2018 - Ficou muito complexa para gerenciar - nao gostei.xlsx,Position Trades,26,2018,Ações,CPLE6 (T),Long,2018-01-30,2018-02-05,-1089.0,Compra/Long
Journal 2018 - Ficou muito complexa para gerenciar - nao gostei.xlsx,Position Trades,27,2018,Ações,BTOW3,Long,2018-01-31,2018-02-05,47.0,Compra/Long
Journal 2018 - Ficou muito complexa para gerenciar - nao gostei.xlsx,Position Trades,28,2018,FIIs,SULA11,Long,2018-02-07,2018-02-09,-3161.0,Compra/Long
Journal 2018 - Ficou muito complexa para gerenciar - nao gostei.xlsx,Position Trades,29,2018,Ações,GRND3,Long,2018-02-08,,-840.0,Compra/Long
Journal 2018 - Ficou muito complexa para gerenciar - nao gostei.xlsx,Position Trades,30,2018,Ações,GRND3,Long,2018-02-08,2018-02-22,-1170.0,Compra/Long
Journal 2018 - Ficou muito complexa para gerenciar - nao gostei.xlsx,Position Trades,31,2018,FIIs,SULA11,Long,2018-02-21,2018-02-27,-750.0,Compra/Long
Journal 2018 - Ficou muito complexa para gerenciar - nao gostei.xlsx,Position Trades,32,2018,Futuros,WINJ18,Long,2018-01-26,2018-01-26,-894.0,Compra/Long
Journal 2018 - Ficou muito complexa para gerenciar - nao gostei.xlsx,Position Trades,33,2018,FIIs,VVAR11,Long,2018-02-26,2018-02-27,-495.0,Compra/Long
Journal 2018 - Ficou muito complexa para gerenciar - nao gostei.xlsx,Position Trades,34,2018,Ações,VALE3,Long,2018-02-23,2018-02-23,-441.0,Compra/Long
Journal 2018 - Ficou muito complexa para gerenciar - nao gostei.xlsx,Position Trades,36,2018,Ações,MAGG3,Long,2018-02-22,2018-04-04,-1557.0,Compra/Long
Journal 2018 - Ficou muito complexa para gerenciar - nao gostei.xlsx,Position Trades,37,2018,Futuros,WDOG18,Long,2018-03-07,2018-03-07,-674.9999999999418,Compra/Long
Journal 2018 - Ficou muito complexa para gerenciar - nao gostei.xlsx,Position Trades,38,2018,Futuros,WDOG18,Long,2018-03-07,2018-03-07,-600.0,Compra/Long
My Trading Log 2018.xlsx,Position Trade - Futuros,4,2018,Futuros,CCMH18,COMPRA,-,2018-02-28,15939.0,Compra/Long
My Trading Log 2018.xlsx,Position Trade - Futuros,5,2018,Futuros,BGIK18,VENDA,-,2018-02-20,-2772.0,Venda/Short
My Trading Log 2018.xlsx,Position Trade - Futuros,6,2018,Futuros,ICFH18,VENDA,-,2018-02-22,19722.023999999976,Venda/Short
My Trading Log 2018.xlsx,Position Trade - Futuros,7,2018,Futuros,BGIK18,COMPRA,-,2018-02-23,-1980.0,Compra/Long
My Trading Log 2018.xlsx,Position Trade - Futuros,8,2018,Futuros,CCMH18,COMPRA,2018-03-02,2018-03-07,-1404.0,Compra/Long
My Trading Log 2018.xlsx,Position Trade - Futuros,9,2018,Futuros,CCMH18,COMPRA,2018-03-20,2018-03-22,-2709.0,Compra/Long
My Trading Log 2018.xlsx,Position Trade - Futuros,10,2018,Futuros,ICFU18,VENDA,2018-02-23,2018-04-27,1628.423999999999,Venda/Short
My Trading Log 2018.xlsx,Position Trade - Futuros,11,2018,Futuros,ICFU18,VENDA,2018-03-23,2018-04-27,-5841.0,Venda/Short
My Trading Log 2018.xlsx,Position Trade - Futuros,12,2018,Futuros,BGIK18,VENDA,2018-03-05,2018-04-04,-1072.5,Venda/Short
My Trading Log 2018.xlsx,Position Trade - Futuros,13,2018,Futuros,BGIK18,VENDA,2018-03-23,2018-04-04,-3893.999999999971,Venda/Short
My Trading Log 2018.xlsx,Position Trade - Futuros,14,2018,Futuros,CCMU18,COMPRA,2018-03-06,2018-05-29,45450.0,Compra/Long
My Trading Log 2018.xlsx,Position Trade - Futuros,15,2018,Futuros,CCMU18,COMPRA,2018-04-27,2018-05-29,10755.0,Compra/Long
My Trading Log 2018.xlsx,Position Trade - Futuros,16,2018,Futuros,CCMU18,COMPRA,2018-05-16,2018-05-29,-1836.0,Compra/Long
My Trading Log 2018.xlsx,Position Trade - Futuros,17,2018,Futuros,BGIK18,VENDA,2018-05-10,2018-05-29,-6375.599999999977,Venda/Short
My Trading Log 2018.xlsx,Position Trade - Futuros,18,2018,Futuros,ICFU18,VENDA,2018-05-07,2018-05-21,2098.800000000003,Venda/Short
My Trading Log 2018.xlsx,Position Trade - Futuros,19,2018,Futuros,ICFU18,VENDA,2018-06-05,2018-06-26,6225.0,Venda/Short
My Trading Log 2018.xlsx,Position Trade - Futuros,20,2018,Futuros,ICFU18,VENDA,2018-06-14,2018-06-26,-465.0,Venda/Short
My Trading Log 2018.xlsx,Position Trade - Futuros,21,2018,Futuros,CCMU18,COMPRA,2018-06-07,2018-06-11,-5872.5,Compra/Long
My Trading Log 2018.xlsx,Position Trade - Futuros,22,2018,Futuros,ICFU18,VENDA,2018-07-05,2018-07-06,-7161.0,Venda/Short
My Trading Log 2018.xlsx,Position Trade - Futuros,23,2018,Futuros,BGIV18,COMPRA,2018-06-05,2018-07-10,-4831.199999999953,Compra/Long
My Trading Log 2018.xlsx,Position Trade - Futuros,24,2018,Futuros,ICFU18,VENDA,2018-07-12,2018-07-23,-7461.29999999993,Venda/Short
My Trading Log 2018.xlsx,Position Trade - Futuros,25,2018,Futuros,BGIK18,VENDA,2018-07-16,2018-07-18,-6177.600000000093,Venda/Short
My Trading Log 2018.xlsx,Position Trade - Futuros,26,2018,Futuros,CCMU18,COMPRA,2018-08-08,2018-08-10,-3888.0,Compra/Long
My Trading Log 2018.xlsx,Position Trade - Futuros,27,2018,Futuros,CCMU18,COMPRA,2018-06-28,2018-08-28,14184.0,Compra/Long
My Trading Log 2018.xlsx,Position Trade - Futuros,28,2018,Futuros,CCMU18,COMPRA,2018-07-17,2018-08-28,9360.0,Compra/Long
My Trading Log 2018.xlsx,Position Trade - Futuros,29,2018,Futuros,CCMU18,COMPRA,2018-07-25,2018-08-28,4356.0,Compra/Long
My Trading Log 2018.xlsx,Position Trade - Futuros,30,2018,Futuros,CCMU18,COMPRA,2018-08-22,2018-08-28,-3195.0,Compra/Long
My Trading Log 2018.xlsx,Position Trade - Futuros,31,2018,Futuros,ICFU18,VENDA,2018-07-23,2018-08-23,26334.00000000006,Venda/Short
My Trading Log 2018.xlsx,Position Trade - Futuros,32,2018,Futuros,BGIV18,COMPRA,2018-08-28,2018-09-19,1220.9999999999418,Compra/Long
My Trading Log 2018.xlsx,Position Trade - Futuros,33,2018,Futuros,BGIV18,COMPRA,2018-09-13,2018-09-19,-4785.000000000058,Compra/Long
My Trading Log 2018.xlsx,Position Trade - Futuros,34,2018,Futuros,CCMU18,COMPRA,2018-09-21,2018-09-26,-4504.5,Compra/Long
My Trading Log 2018.xlsx,Position Trade - Futuros,35,2018,Futuros,BGIV18,COMPRA,2018-09-24,2018-09-26,-4550.699999999953,Compra/Long
My Trading Log 2018.xlsx,Position Trade - Futuros,36,2018,Futuros,CCMK19,VENDA,2018-10-10,2018-12-18,1107.0,Venda/Short
My Trading Log 2018.xlsx,Position Trade - Futuros,37,2018,Futuros,ICFZ18,COMPRA,2018-11-05,2018-11-12,-3218.9999999999927,Compra/Long
My Trading Log 2018.xlsx,Position Trade - Futuros,38,2018,Futuros,CCMK19,VENDA,2018-11-16,2018-12-18,-5355.000000000029,Venda/Short
My Trading Log 2018.xlsx,Position Trade - Futuros,39,2018,Futuros,ICFH19,VENDA,2019-11-29,-,2318.0,Venda/Short
My Trading Log 2018.xlsx,Position Trade - Futuros,40,2018,Futuros,BGIK19,COMPRA,2018-12-12,-,-990.0,Compra/Long
My Trading Log 2018.xlsx,Position Trade - Futuros,41,2018,Futuros,CCMK19,COMPRA,2018-12-21,-,1125.0,Compra/Long
My Trading Log 2018.xlsx,Position - Ações (BlueShips),5,2018,Ações,VALE3,COMPRA,2018-03-29,2018-05-18,2438.0,Compra/Long
My Trading Log 2018.xlsx,Position - Ações (BlueShips),6,2018,Ações,VALE3,COMPRA,-,2018-05-18,17083.0,Compra/Long
My Trading Log 2018.xlsx,Position - Ações (BlueShips),7,2018,Ações,PETR4,COMPRA,2018-05-07,2018-05-17,4770.0,Compra/Long
My Trading Log 2018.xlsx,Position - Ações (BlueShips),8,2018,Ações,PETR4,VENDA,2018-05-24,2018-05-24,-2800.0,Venda/Short
My Trading Log 2018.xlsx,Position - Ações (BlueShips),9,2018,Ações,PETR4,VENDA,2018-05-28,2018-05-28,4675.0,Venda/Short
My Trading Log 2018.xlsx,Position - Ações (BlueShips),10,2018,Ações,PETR4,VENDA,2018-05-28,2018-05-28,680.0,Venda/Short
My Trading Log 2018.xlsx,Position - Ações (BlueShips),11,2018,Ações,PETR4,VENDA,2018-05-29,2018-05-29,-4350.0,Venda/Short
My Trading Log 2018.xlsx,Position - Ações (BlueShips),12,2018,Ações,VALE3,COMPRA,2018-06-05,2018-06-08,-2024.0,Compra/Long
My Trading Log 2018.xlsx,Position - Ações (BlueShips),13,2018,Ações,BRFS3,VENDA,2018-06-12,2018-07-05,-950.0,Venda/Short
My Trading Log 2018.xlsx,Position - Ações (BlueShips),14,2018,Ações,ECOR3,VENDA,2018-06-12,2018-07-05,-1840.0,Venda/Short
My Trading Log 2018.xlsx,Position - Ações (BlueShips),15,2018,Ações,VALE3,COMPRA,2018-07-17,2018-08-15,324.0,Compra/Long
My Trading Log 2018.xlsx,Position - Ações (BlueShips),16,2018,Ações,PETR4,COMPRA,2018-08-02,2018-08-15,-2888.0,Compra/Long
My Trading Log 2018.xlsx,Position - Ações (BlueShips),17,2018,Ações,VALE3,COMPRA,2018-08-27,2018-10-05,2784.0,Compra/Long
My Trading Log 2018.xlsx,Position - Ações (BlueShips),18,2018,Ações,PETR4,COMPRA,2018-09-27,2018-10-08,12306.0,Compra/Long
My Trading Log 2018.xlsx,Position - Ações (BlueShips),19,2018,Ações,VALE3,COMPRA,2018-10-09,2018-10-24,-4556.0,Compra/Long
My Trading Log 2018.xlsx,Position - Ações (BlueShips),20,2018,Ações,HYPE3,COMPRA,2018-10-23,2018-10-26,-1400.0,Compra/Long
My Trading Log 2018.xlsx,Position - Ações (BlueShips),21,2018,Ações,ABEV3,VENDA,2018-10-10,2018-12-03,513.0,Venda/Short
My Trading Log 2018.xlsx,Position - Ações (BlueShips),22,2018,Ações,B3SA3,COMPRA,2018-10-16,2018-12-27,2737.0,Compra/Long
My Trading Log 2018.xlsx,Position - Ações (BlueShips),23,2018,Ações,PETR4,COMPRA,2018-10-29,2018-11-09,-4784.0,Compra/Long
My Trading Log 2018.xlsx,Position - Ações (BlueShips),24,2018,Ações,CPLE6,COMPRA,2018-10-29,2018-12-07,20502.0,Compra/Long
My Trading Log 2018.xlsx,Position - Ações (BlueShips),25,2018,Ações,GOAU4,COMPRA,2018-11-07,2018-11-12,-521.9999999999991,Compra/Long
My Trading Log 2018.xlsx,Position - Ações (BlueShips),26,2018,Ações,BRML3,COMPRA,2018-11-16,-,1068.0,Compra/Long
My Trading Log 2018.xlsx,Position - Ações (BlueShips),27,2018,Ações,BRSF3,COMPRA,2018-12-05,-,-882.0,Compra/Long
My Trading Log 2020.xlsx,Trades - Futuros,3,2020,Futuros,ICFH20,C,2019-12-26,2020-01-02,-7102.0,Compra/Long
My Trading Log 2020.xlsx,Trades - Futuros,4,2020,Futuros,CCMH20,C,2019-12-26,2020-01-16,11988.0,Compra/Long
My Trading Log 2020.xlsx,Trades - Futuros,5,2020,Futuros,CCMH20,C,2020-01-06,2020-01-16,2088.0,Compra/Long
My Trading Log 2020.xlsx,Trades - Futuros,6,2020,Futuros,CCMH20,C,2020-01-06,2020-01-16,-112.5,Compra/Long
My Trading Log 2020.xlsx,Trades - Futuros,7,2020,Futuros,CCMH20,V,2020-01-16,2020-01-17,-3150.0,Venda/Short
My Trading Log 2020.xlsx,Trades - Futuros,8,2020,Futuros,CCMH20,C,2020-01-23,2020-01-24,-2110.5,Compra/Long
My Trading Log 2020.xlsx,Trades - Futuros,9,2020,Futuros,CCMH20,V,2020-01-29,2020-01-30,-5670.0,Venda/Short
My Trading Log 2020.xlsx,Trades - Futuros,10,2020,Futuros,CCMH20,V,2020-02-03,-,-22.5,Venda/Short
My Trading Log 2020.xlsx,Trades - Futuros,11,2020,Futuros,CCMH20,V,2020-02-03,2020-02-04,477.0,Venda/Short
My Trading Log 2020.xlsx,Trades - Futuros,12,2020,Futuros,CCMH20,V,2020-02-03,2020-02-04,1282.5,Venda/Short
My Trading Log 2020.xlsx,Trades - Futuros,13,2020,Futuros,WDOH20,C,2020-02-07,2020-02-11,-489.9999999999709,Compra/Long
My Trading Log 2020.xlsx,Trades - Futuros,14,2020,Futuros,BGIG20,C,2020-01-31,-,1339.7999999999884,Compra/Long
My Trading Log 2020.xlsx,Trades - Futuros,15,2020,Futuros,CCMH20,C,2020-02-06,2020-02-17,10368.0,Compra/Long
My Trading Log 2020.xlsx,Trades - Futuros,16,2020,Futuros,BGIG20,C,2020-02-12,-,-805.1999999999971,Compra/Long
My Trading Log 2020.xlsx,Trades - Futuros,17,2020,Futuros,CCMK20,C,2020-02-27,2020-03-09,4500.0,Compra/Long
My Trading Log 2020.xlsx,Trades - Futuros,18,2020,Futuros,BGIK20,C,2020-02-27,2020-03-09,-2277.0,Compra/Long
My Trading Log 2020.xlsx,Trades - Futuros,19,2020,Futuros,CCMH20,V,2020-03-18,-,-468.0,Venda/Short
My Trading Log 2020.xlsx,Trades - Futuros,20,2020,Futuros,BGIK20,V,2020-03-18,-,7372.199999999997,Venda/Short
My Trading Log 2020.xlsx,Trades - Futuros,21,2020,Futuros,CCMH20,C,2020-03-18,-,10548.0,Compra/Long
My Trading Log 2020.xlsx,Trades - Futuros,22,2020,Futuros,ICFU20,V,2020-03-31,2020-04-01,1404.5,Venda/Short
My Trading Log 2020.xlsx,Trades - Futuros,23,2020,Futuros,BGIK20,V,2020-03-31,2020-04-02,-6345.900000000023,Venda/Short
My Trading Log 2020.xlsx,Trades - Futuros,24,2020,Futuros,BGIK20,V,2020-03-31,2020-04-02,224.39999999999418,Venda/Short
My Trading Log 2020.xlsx,Trades - Futuros,25,2020,Futuros,BGIK20,V,2020-04-03,2020-04-06,-5280.0,Venda/Short
My Trading Log 2020.xlsx,Trades - Futuros,26,2020,Futuros,CCMK20,V,2020-04-09,2020-04-13,-2640.0,Venda/Short
My Trading Log 2020.xlsx,Trades - Futuros,27,2020,Futuros,WDOK20,C,2020-04-23,2020-04-23,-1060.0,Compra/Long
My Trading Log 2020.xlsx,Trades - Futuros,28,2020,Futuros,WDOK20,C,2020-04-23,2020-04-23,-880.0,Compra/Long
My Trading Log 2020.xlsx,Trades - Futuros,29,2020,Futuros,CCMK20,V,2020-04-16,2020-04-23,-1062.5999999999913,Venda/Short
My Trading Log 2020.xlsx,Trades - Futuros,30,2020,Futuros,CCMK20,V,2020-04-22,2020-04-23,-818.3999999999942,Venda/Short
My Trading Log 2020.xlsx,Trades - Futuros,31,2020,Futuros,ICFU20,V,2020-04-20,2020-05-05,3002.9999999999854,Venda/Short
My Trading Log 2020.xlsx,Trades - Futuros,32,2020,Futuros,ICFU20,V,2020-05-06,2020-05-08,-2650.0,Venda/Short
My Trading Log 2020.xlsx,Trades - Futuros,33,2020,Futuros,CCMN20,C,2020-05-05,2020-05-25,922.5,Compra/Long
My Trading Log 2020.xlsx,Trades - Futuros,34,2020,Futuros,BGIK20,C,2020-05-05,2020-05-25,2491.5,Compra/Long
My Trading Log 2020.xlsx,Trades - Futuros,35,2020,Futuros,BGIK20,C,2020-05-11,2020-05-25,4290.0,Compra/Long
My Trading Log 2020.xlsx,Trades - Futuros,36,2020,Futuros,WDON20,C,2020-05-29,2020-06-01,-2249.9999999999854,Compra/Long
My Trading Log 2020.xlsx,Trades - Futuros,37,2020,Futuros,WDON20,C,2020-06-01,2020-06-02,-1389.9999999999854,Compra/Long
My Trading Log 2020.xlsx,Trades - Futuros,38,2020,Futuros,ICFU20,V,2020-05-12,2020-06-08,4478.5,Venda/Short
My Trading Log 2020.xlsx,Trades - Futuros,39,2020,Futuros,ICFU20,V,2020-05-12,2020-06-08,1722.5,Venda/Short
My Trading Log 2020.xlsx,Trades - Futuros,40,2020,Futuros,ICFU20,V,2020-06-10,2020-06-23,498.20000000001164,Venda/Short
My Trading Log 2020.xlsx,Trades - Futuros,41,2020,Futuros,CCMN20,C,2020-06-16,2020-06-23,1350.0,Compra/Long
My Trading Log 2020.xlsx,Trades - Futuros,42,2020,Futuros,CCMN20,C,2020-06-17,2020-06-23,337.5,Compra/Long
My Trading Log 2020.xlsx,Trades - Futuros,43,2020,Futuros,WDON20,C,2020-06-01,2020-06-23,-490.0,Compra/Long
My Trading Log 2020.xlsx,Trades - Futuros,44,2020,Futuros,ICFU20,V,2020-06-25,-,-2332.0,Venda/Short
My Trading Log 2020.xlsx,Trades - Futuros,45,2020,Futuros,WDON20,C,2020-06-24,-,1575.0,Compra/Long
My Trading Log 2020.xlsx,Trades - Futuros,46,2020,Futuros,CCMU20,C,2020-07-01,2020-07-13,630.0,Compra/Long
My Trading Log 2020.xlsx,Trades - Futuros,47,2020,Futuros,CCMU20,C,2020-07-06,2020-07-13,-1323.0,Compra/Long
My Trading Log 2020.xlsx,Trades - Futuros,48,2020,Futuros,CCMU20,C,2020-07-09,2020-07-13,-1498.5,Compra/Long
My Trading Log 2020.xlsx,Trades - Futuros,49,2020,Futuros,WDON20,V,2020-07-22,2020-07-22,510.0,Venda/Short
My Trading Log 2020.xlsx,Trades - Futuros,50,2020,Futuros,BGIV20,C,2020-07-24,2020-08-07,1019.6999999999825,Compra/Long
My Trading Log 2020.xlsx,Trades - Futuros,51,2020,Futuros,WDOV20,C,2020-08-17,2020-08-17,750.0,Compra/Long
My Trading Log 2020.xlsx,Trades - Futuros,52,2020,Futuros,WDOV20,C,2020-08-20,2020-08-20,119.9999999999709,Compra/Long
My Trading Log 2020.xlsx,Trades - Futuros,53,2020,Futuros,CCMU20,C,2020-08-12,2020-08-14,9450.0,Compra/Long
My Trading Log 2020.xlsx,Trades - Futuros,54,2020,Futuros,CCMU20,C,2020-07-28,2020-08-26,41364.0,Compra/Long
My Trading Log 2020.xlsx,Trades - Futuros,55,2020,Futuros,CCMU20,C,2020-07-29,2020-08-26,22770.0,Compra/Long
My Trading Log 2020.xlsx,Trades - Futuros,56,2020,Futuros,CCMU20,C,2020-08-03,2020-08-26,14958.0,Compra/Long
My Trading Log 2020.xlsx,Trades - Futuros,57,2020,Futuros,CCMU20,C,2020-08-06,2020-08-26,12780.0,Compra/Long
My Trading Log 2020.xlsx,Trades - Futuros,58,2020,Futuros,CCMU20,C,2020-08-06,2020-08-26,3105.0,Compra/Long
My Trading Log 2020.xlsx,Trades - Futuros,59,2020,Futuros,CCMU20,C,2020-08-26,2020-08-26,-2502.0,Compra/Long
My Trading Log 2020.xlsx,Trades - Futuros,60,2020,Futuros,WDON20,V,2020-08-28,2020-08-28,2099.999999999767,Venda/Short
My Trading Log 2020.xlsx,Trades - Futuros,61,2020,Futuros,CCMU20,V,2020-09-02,-,-1845.0,Venda/Short
My Trading Log 2020.xlsx,Trades - Futuros,62,2020,Futuros,WDON20,V,2020-09-03,2020-09-03,100.0,Venda/Short
My Trading Log 2020.xlsx,Trades - Futuros,63,2020,Futuros,BGIV20,C,2020-08-17,2020-09-04,23925.0,Compra/Long
My Trading Log 2020.xlsx,Trades - Futuros,64,2020,Futuros,BGIV20,C,2020-08-20,2020-09-04,14031.599999999977,Compra/Long
My Trading Log 2020.xlsx,Trades - Futuros,65,2020,Futuros,BGIV20,C,2020-08-31,2020-09-04,792.0,Compra/Long
My Trading Log 2020.xlsx,Trades - Futuros,66,2020,Futuros,WDON20,V,2020-09-10,2020-09-10,-1440.0,Venda/Short
My Trading Log 2020.xlsx,Trades - Futuros,67,2020,Futuros,BGIV20,C,2020-09-09,2020-09-21,825.0,Compra/Long
My Trading Log 2020.xlsx,Trades - Futuros,68,2020,Futuros,BGIV20,C,2020-09-09,2020-09-21,0.0,Compra/Long
My Trading Log 2020.xlsx,Trades - Futuros,69,2020,Futuros,BGIV20,C,2020-09-11,2020-09-21,-1346.4000000000233,Compra/Long
My Trading Log 2020.xlsx,Trades - Futuros,70,2020,Futuros,BGIV20,C,2020-09-15,2020-09-21,-1831.5,Compra/Long
My Trading Log 2020.xlsx,Trades - Futuros,71,2020,Futuros,WDOV20,C,2020-09-23,2020-09-23,1600.0,Compra/Long
My Trading Log 2020.xlsx,Trades - Futuros,72,2020,Futuros,WDOV20,C,2020-09-23,2020-09-23,480.0,Compra/Long
My Trading Log 2020.xlsx,Trades - Futuros,73,2020,Futuros,WDOV20,C,2020-09-28,2020-09-30,-435.0,Compra/Long
My Trading Log 2020.xlsx,Trades - Futuros,74,2020,Futuros,BGIV20,C,2020-09-23,2020-10-01,15708.0,Compra/Long
My Trading Log 2020.xlsx,Trades - Futuros,75,2020,Futuros,BGIV20,C,2020-09-25,2020-10-09,6039.000000000058,Compra/Long
My Trading Log 2020.xlsx,Trades - Futuros,76,2020,Futuros,BGIV20,C,2020-09-29,2020-10-09,3742.2000000001863,Compra/Long
My Trading Log 2020.xlsx,Trades - Futuros,77,2020,Futuros,CCMX20,C,2020-09-23,2020-10-01,26027.999999999884,Compra/Long
My Trading Log 2020.xlsx,Trades - Futuros,78,2020,Futuros,CCMX20,C,2020-09-22,2020-10-22,107406.0,Compra/Long
My Trading Log 2020.xlsx,Trades - Futuros,79,2020,Futuros,CCMX20,C,2020-09-23,2020-10-22,50274.0,Compra/Long
My Trading Log 2020.xlsx,Trades - Futuros,80,2020,Futuros,CCMX20,C,2020-09-25,2020-10-22,15957.0,Compra/Long
My Trading Log 2020.xlsx,Trades - Futuros,81,2020,Futuros,BGIX20,C,2020-10-13,2020-10-22,23331.0,Compra/Long
My Trading Log 2020.xlsx,Trades - Futuros,82,2020,Futuros,WDOZ20,C,2020-10-28,2020-11-04,-2434.7999999999593,Compra/Long
My Trading Log 2020.xlsx,Trades - Futuros,83,2020,Futuros,WDOZ20,V,2020-11-06,2020-11-06,-2060.0,Venda/Short
My Trading Log 2020.xlsx,Trades - Futuros,84,2020,Futuros,BGIX20,C,2020-11-03,2020-11-09,1320.0,Compra/Long
My Trading Log 2020.xlsx,Trades - Futuros,85,2020,Futuros,BGIX20,C,2020-11-10,2020-11-11,-17608.800000000047,Compra/Long
My Trading Log 2020.xlsx,Trades - Futuros,86,2020,Futuros,WDOZ20,V,2020-11-18,2020-11-18,979.9999999999709,Venda/Short
My Trading Log 2020.xlsx,Trades - Futuros,87,2020,Futuros,WDOZ20,V,2020-11-18,2020-11-18,-1440.0,Venda/Short
My Trading Log 2020.xlsx,Trades - Futuros,88,2020,Futuros,CCMF21,C,2020-12-01,2020-12-02,12190.5,Compra/Long
My Trading Log 2020.xlsx,Trades - Futuros,89,2020,Futuros,CCMF21,C,2020-12-02,2020-12-03,-7276.5,Compra/Long
My Trading Log 2020.xlsx,Trades - Futuros,90,2020,Futuros,BGIZ20,V,2020-12-07,2020-12-09,244.20000000001164,Venda/Short
My Trading Log 2020.xlsx,Trades - Futuros,91,2020,Futuros,WDOF21,V,2020-12-10,2020-12-10,-170.0,Venda/Short
My Trading Log 2020.xlsx,Trades - Futuros,92,2020,Futuros,WDOF21,V,2020-12-11,2020-12-11,-525.0,Venda/Short
My Trading Log 2020.xlsx,Trades - Futuros,93,2020,Futuros,BGIZ20,V,2020-12-11,2020-12-18,-6732.0,Venda/Short
My Trading Log 2020.xlsx,Trades - Futuros,94,2020,Futuros,CCMF21,C,2020-12-21,-,8352.0,Compra/Long
My Trading Log 2020.xlsx,Trades - Futuros,95,2020,Futuros,CCMF21,C,2020-12-22,-,6034.5,Compra/Long
My Trading Log 2020.xlsx,Trades - Futuros,96,2020,Futuros,CCMF21,C,2020-12-29,-,405.0,Compra/Long
My Trading Log 2020.xlsx,Trades - Ações,3,2020,Ações,LAME4,COMPRA,2020-01-02,2020-01-07,-2235.0,Compra/Long
My Trading Log 2020.xlsx,Trades - Ações,4,2020,Ações,BPAN4,COMPRA,2020-01-07,-,-760.0,Compra/Long
My Trading Log 2020.xlsx,Trades - Ações,5,2020,Ações,TECN3,COMPRA,2020-01-08,2020-01-17,-800.0,Compra/Long
My Trading Log 2020.xlsx,Trades - Ações,6,2020,Ações,CARD3,COMPRA,2020-01-20,2020-01-20,-1700.0,Compra/Long
My Trading Log 2020.xlsx,Trades - Ações,7,2020,Ações,JFEN3,COMPRA,2020-01-14,2020-01-21,3384.0,Compra/Long
My Trading Log 2020.xlsx,Trades - Ações,8,2020,Ações,BTOW3,COMPRA,2020-01-02,2020-01-23,8040.000000000007,Compra/Long
My Trading Log 2020.xlsx,Trades - Ações,9,2020,Ações,MRFG3,COMPRA,2020-01-14,2020-01-23,1720.0,Compra/Long
My Trading Log 2020.xlsx,Trades - Ações,10,2020,Ações,ANIM3,COMPRA,2020-01-20,2020-01-23,2280.0000000000073,Compra/Long
My Trading Log 2020.xlsx,Trades - Ações,11,2020,Ações,VVAR3,COMPRA,2020-01-13,2020-01-23,4860.0,Compra/Long
My Trading Log 2020.xlsx,Trades - Ações,12,2020,Ações,TCSA3,COMPRA,2020-01-20,2020-01-29,-500.0,Compra/Long
My Trading Log 2020.xlsx,Trades - Ações,13,2020,Ações,RSID3,COMPRA,2020-01-24,2020-01-29,-675.0,Compra/Long
My Trading Log 2020.xlsx,Trades - Ações,14,2020,Ações,EQTL3,COMPRA,2020-02-03,2020-02-07,728.0,Compra/Long
My Trading Log 2020.xlsx,Trades - Ações,15,2020,Ações,JFEN3,COMPRA,2020-02-03,2020-02-07,-204.0,Compra/Long
My Trading Log 2020.xlsx,Trades - Ações,16,2020,Ações,GNDI3,COMPRA,2020-02-03,2020-02-07,-1775.9999999999927,Compra/Long
My Trading Log 2020.xlsx,Trades - Ações,17,2020,Ações,MRFG3,COMPRA,2020-02-04,2020-02-07,-1099.9999999999964,Compra/Long
My Trading Log 2020.xlsx,Trades - Ações,18,2020,Ações,LAME4,COMPRA,2020-02-21,2020-02-26,-3855.0,Compra/Long
My Trading Log 2020.xlsx,Trades - Ações,19,2020,Ações,CVCB3,VENDA,2020-01-21,2020-03-03,12224.0,Venda/Short
My Trading Log 2020.xlsx,Trades - Ações,20,2020,Ações,CIEL3,VENDA,2020-01-26,2020-03-04,-2400.0,Venda/Short
My Trading Log 2020.xlsx,Trades - Ações,21,2020,Ações,GOLL4,VENDA,2020-03-16,2020-03-16,-208.0,Venda/Short
My Trading Log 2020.xlsx,Trades - Ações,22,2020,Ações,CIEL3,VENDA,2020-03-16,2020-03-16,-500.0,Venda/Short
My Trading Log 2020.xlsx,Trades - Ações,23,2020,Ações,CVCB3,VENDA,2020-03-18,2020-03-19,2114.999999999998,Venda/Short
My Trading Log 2020.xlsx,Trades - Ações,24,2020,Ações,SMLS3,VENDA,2020-03-18,2020-03-19,5010.0,Venda/Short
My Trading Log 2020.xlsx,Trades - Ações,25,2020,Ações,AZUL4,VENDA,2020-03-18,2020-03-19,-135.0,Venda/Short
My Trading Log 2020.xlsx,Trades - Ações,26,2020,Ações,VVAR3,VENDA,2020-03-18,2020-03-19,-960.0,Venda/Short
My Trading Log 2020.xlsx,Trades - Ações,27,2020,Ações,ABEV3,VENDA,2020-03-23,2020-03-24,-665.0,Venda/Short
My Trading Log 2020.xlsx,Trades - Ações,28,2020,Ações,FLRY3,VENDA,2020-03-23,2020-03-24,-2380.0,Venda/Short
My Trading Log 2020.xlsx,Trades - Ações,29,2020,Ações,CVCB3,VENDA,2020-03-31,2020-04-01,2074.0,Venda/Short
My Trading Log 2020.xlsx,Trades - Ações,30,2020,Ações,EMBR3,VENDA,2020-03-27,2020-04-07,-360.0,Venda/Short
My Trading Log 2020.xlsx,Trades - Ações,31,2020,Ações,SMLS3,VENDA,2020-03-31,2020-04-07,-1300.0,Venda/Short
My Trading Log 2020.xlsx,Trades - Ações,32,2020,Ações,WEGE3,COMPRA,2020-04-22,2020-04-24,-5072.0,Compra/Long
My Trading Log 2020.xlsx,Trades - Ações,33,2020,Ações,CIEL3,VENDA,2020-04-23,2020-04-28,-440.0,Venda/Short
My Trading Log 2020.xlsx,Trades - Ações,34,2020,Ações,CVCB3,VENDA,2020-04-24,2020-04-28,-1056.0000000000018,Venda/Short
My Trading Log 2020.xlsx,Trades - Ações,35,2020,Ações,EMBR3,VENDA,2020-03-27,2020-04-28,-23.99999999999818,Venda/Short
My Trading Log 2020.xlsx,Trades - Ações,36,2020,Ações,EMBR3,VENDA,2020-03-27,2020-04-28,202.0,Venda/Short
My Trading Log 2020.xlsx,Trades - Ações,37,2020,Ações,BBDC4,VENDA,2020-04-23,-,-820.0,Venda/Short
My Trading Log 2020.xlsx,Trades - Ações,38,2020,Ações,COGN3,VENDA,2020-04-24,2020-04-28,-1575.0,Venda/Short
My Trading Log 2020.xlsx,Trades - Ações,39,2020,Ações,UGPA3,VENDA,2020-05-13,2020-05-14,-3175.0,Venda/Short
My Trading Log 2020.xlsx,Trades - Ações,40,2020,Ações,EMBR3,VENDA,2020-05-04,2020-05-15,2080.0,Venda/Short
My Trading Log 2020.xlsx,Trades - Ações,41,2020,Ações,CIEL3,VENDA,2020-05-04,2020-05-15,875.0,Venda/Short
My Trading Log 2020.xlsx,Trades - Ações,42,2020,Ações,CVCB3,VENDA,2020-05-06,2020-05-15,1222.0,Venda/Short
My Trading Log 2020.xlsx,Trades - Ações,43,2020,Ações,AZUL4,VENDA,2020-05-06,2020-05-15,580.0,Venda/Short
My Trading Log 2020.xlsx,Trades - Ações,44,2020,Ações,ECOR3,VENDA,2020-05-13,2020-05-15,-980.0,Venda/Short
My Trading Log 2020.xlsx,Trades - Ações,45,2020,Ações,GGBR4,VENDA,2020-05-15,2020-05-18,-1152.0,Venda/Short
My Trading Log 2020.xlsx,Trades - Ações,46,2020,Ações,GOAU4,VENDA,2020-05-15,2020-05-18,-1050.0,Venda/Short
My Trading Log 2020.xlsx,Trades - Ações,47,2020,Ações,CIEL3,VENDA,2020-06-12,-,-5810.0,Venda/Short
My Trading Log 2020.xlsx,Trades - Ações,48,2020,Ações,USIM5,VENDA,2020-06-10,2020-06-16,420.0,Venda/Short
My Trading Log 2020.xlsx,Trades - Ações,49,2020,Ações,EMBR3,VENDA,2020-06-10,2020-06-16,66.0,Venda/Short
My Trading Log 2020.xlsx,Trades - Ações,50,2020,Ações,BRKM5,VENDA,2020-06-15,2020-06-16,-1600.0,Venda/Short
My Trading Log 2020.xlsx,Trades - Ações,51,2020,Ações,BRFS3,VENDA,2020-06-15,2020-06-19,-1620.0,Venda/Short
My Trading Log 2020.xlsx,Trades - Ações,52,2020,Ações,BBDC4,VENDA,2020-06-26,2020-06-29,-980.0,Venda/Short
My Trading Log 2020.xlsx,Trades - Ações,53,2020,Ações,BRFS3,VENDA,2020-06-26,2020-06-30,-1460.0,Venda/Short
My Trading Log 2020.xlsx,Trades - Ações,54,2020,Ações,VALE3,COMPRA,2020-07-08,2020-07-24,171.0,Compra/Long
My Trading Log 2020.xlsx,Trades - Ações,55,2020,Ações,VALE3,COMPRA,2020-07-14,2020-07-24,-86.0,Compra/Long
My Trading Log 2020.xlsx,Trades - Ações,56,2020,Ações,LAME4,COMPRA,2020-07-06,2020-08-10,940.0,Compra/Long
My Trading Log 2020.xlsx,Trades - Ações,57,2020,Ações,MRFG3,COMPRA,2020-07-20,2020-08-10,-4725.0,Compra/Long
My Trading Log 2020.xlsx,Trades - Ações,58,2020,Ações,VVAR3,COMPRA,2020-07-10,2020-08-12,760.0,Compra/Long
My Trading Log 2020.xlsx,Trades - Ações,59,2020,Ações,BTOW3,COMPRA,2020-07-06,2020-08-12,651.0,Compra/Long
My Trading Log 2020.xlsx,Trades - Ações,60,2020,Ações,MRFG3,COMPRA,2020-08-10,2020-08-13,6850.0,Compra/Long
My Trading Log 2020.xlsx,Trades - Ações,61,2020,Ações,VVAR3,COMPRA,2020-08-13,2020-08-14,-3550.0,Compra/Long
My Trading Log 2020.xlsx,Trades - Ações,62,2020,Ações,CSAN3,COMPRA,2020-07-20,2020-08-17,-2478.0,Compra/Long
My Trading Log 2020.xlsx,Trades - Ações,63,2020,Ações,BRAP4,COMPRA,2020-07-20,2020-08-20,3546.0,Compra/Long
My Trading Log 2020.xlsx,Trades - Ações,64,2020,Ações,BRAP4,COMPRA,2020-07-20,2020-08-20,525.0,Compra/Long
My Trading Log 2020.xlsx,Trades - Ações,65,2020,Ações,MGLU3,COMPRA,2020-08-19,2020-08-20,-1780.0,Compra/Long
My Trading Log 2020.xlsx,Trades - Ações,66,2020,Ações,MRFG3,COMPRA,2020-08-19,2020-08-20,-392.0000000000073,Compra/Long
My Trading Log 2020.xlsx,Trades - Ações,67,2020,Ações,VVAR3,COMPRA,2020-08-24,2020-08-26,-1540.0,Compra/Long
My Trading Log 2020.xlsx,Trades - Ações,68,2020,Ações,MGLU3,COMPRA,2020-08-27,2020-09-04,-3234.0,Compra/Long
My Trading Log 2020.xlsx,Trades - Ações,69,2020,Ações,EMBR3,VENDA,2020-09-21,2020-10-06,-2500.0,Venda/Short
My Trading Log 2020.xlsx,Trades - Ações,70,2020,Ações,BRML3,VENDA,2020-09-28,2020-10-06,-4560.0,Venda/Short
My Trading Log 2020.xlsx,Trades - Ações,71,2020,Ações,GGBR4,COMPRA,2020-08-24,2020-08-26,1950.0,Compra/Long
My Trading Log 2020.xlsx,Trades - Ações,72,2020,Ações,CIEL3,VENDA,2020-09-28,2020-10-06,490.0,Venda/Short
My Trading Log 2020.xlsx,Trades - Ações,73,2020,Ações,RADL3,COMPRA,2020-10-14,2020-10-28,-4788.0,Compra/Long
My Trading Log 2020.xlsx,Trades - Ações,74,2020,Ações,VALE3,COMPRA,2020-10-14,2020-10-28,-2354.0,Compra/Long
My Trading Log 2020.xlsx,Trades - Ações,75,2020,Ações,SUZB3,COMPRA,2020-11-30,2020-12-10,-4590.0,Compra/Long
My Trading Log 2020.xlsx,Trades - Ações,76,2020,Ações,CSNA3,COMPRA,2020-11-25,-,17200.0,Compra/Long
My Trading Log 2020.xlsx,Trades - Ações,77,2020,Ações,USIM5,COMPRA,2020-11-25,-,4725.0,Compra/Long
My Trading Log 2020.xlsx,Trades - Ações,78,2020,Ações,BRAP4,COMPRA,2020-11-25,-,7350.0,Compra/Long
My Trading Log 2020.xlsx,Trades - Ações,79,2020,Ações,GOAU4,COMPRA,2020-12-18,-,60.0,Compra/Long
My Trading Log 2020.xlsx,Trades - Ações,80,2020,Ações,GGBR4,COMPRA,2020-12-18,-,-660.0,Compra/Long
My Trading Log 2020.xlsx,DayTrades (Erros),3,2020,Day Trade,RAIL3,VENDA,2020-02-14,2020-02-14,-378.0,Venda/Short
My Trading Log 2020.xlsx,DayTrades (Erros),4,2020,Day Trade,CVCB3,VENDA,2020-03-16,2020-03-16,3440.0,Venda/Short
My Trading Log 2020.xlsx,DayTrades (Erros),5,2020,Day Trade,CVCB3,VENDA,2020-03-16,2020-03-16,-100.0,Venda/Short
My Trading Log 2020.xlsx,DayTrades (Erros),6,2020,Day Trade,SMLS3,VENDA,2020-03-17,2020-03-17,-60.0,Venda/Short
My Trading Log 2020.xlsx,DayTrades (Erros),7,2020,Day Trade,CVCB3,VENDA,2020-03-17,2020-03-17,240.00000000000182,Venda/Short
My Trading Log 2020.xlsx,DayTrades (Erros),8,2020,Day Trade,BRAP4,COMPRA,2020-03-17,2020-03-17,-3330.0,Compra/Long
My Trading Log 2020.xlsx,DayTrades (Erros),9,2020,Day Trade,CVCB3,VENDA,2020-03-16,2020-03-16,-1400.0,Venda/Short
My Trading Log 2020.xlsx,DayTrades (Erros),10,2020,Day Trade,BRAP4,COMPRA,2020-03-17,2020-03-17,-1650.0,Compra/Long
My Trading Log 2020.xlsx,DayTrades (Erros),11,2020,Day Trade,CVCB3,VENDA,2020-03-18,2020-03-18,5832.0,Venda/Short
My Trading Log 2020.xlsx,DayTrades (Erros),12,2020,Day Trade,CVCB3,VENDA,2020-03-18,2020-03-18,-60.0,Venda/Short
My Trading Log 2020.xlsx,DayTrades (Erros),13,2020,Day Trade,CVCB3,VENDA,2020-03-18,2020-03-18,-3600.0,Venda/Short
My Trading Log 2020.xlsx,DayTrades (Erros),14,2020,Day Trade,VVAR3,VENDA,2020-03-19,2020-03-19,-2210.0000000000073,Venda/Short
My Trading Log 2020.xlsx,DayTrades (Erros),15,2020,Day Trade,CVCB3,VENDA,2020-03-19,2020-03-19,-4400.0,Venda/Short
My Trading Log 2020.xlsx,DayTrades (Erros),16,2020,Day Trade,SUZB3,VENDA,2020-03-23,2020-03-23,-4900.0,Venda/Short
My Trading Log 2020.xlsx,DayTrades (Erros),17,2020,Day Trade,CVCB3,VENDA,2020-04-03,2020-04-03,-2520.0,Venda/Short
My Trading Log 2020.xlsx,DayTrades (Erros),18,2020,Day Trade,LAME4,VENDA,2020-10-30,2020-10-30,1000.0000000000146,Venda/Short
My Trading Log 2020.xlsx,DayTrades (Erros),19,2020,Day Trade,LAME4,VENDA,2020-10-30,2020-10-30,660.0,Venda/Short
My Trading Log 2020.xlsx,DayTrades (Erros),20,2020,Day Trade,MGLU3,COMPRA,2020-11-05,2020-11-05,506.0,Compra/Long
My Trading Log 2020.xlsx,DayTrades (Erros),21,2020,Day Trade,BBAS3,COMPRA,2020-11-10,2020-11-10,120.0,Compra/Long
My Trading Log 2020.xlsx,Trades - FIIs,3,2020,FIIs,BCFF11,COMPRA,2020-11-30,-,1236.0,Compra/Long
My Trading Log 2020.xlsx,Trades - FIIs,4,2020,FIIs,RECR11,COMPRA,2020-11-30,-,1305.0,Compra/Long
My Trading Log 2020.xlsx,Trades - FIIs,5,2020,FIIs,IRDM11,COMPRA,2020-11-30,-,4932.0,Compra/Long
My Trading Log 2020.xlsx,Trades - FIIs,6,2020,FIIs,BTLG11,COMPRA,2020-12-23,-,755.0,Compra/Long
My Trading Log 2020.xlsx,Trades - Opções (Erros),3,2020,Opções,ITUBI261,VENDA,2020-09-14,-,184.0,Venda/Short
My Trading Log 2020.xlsx,Trades - Opções (Erros),4,2020,Opções,BBDCI231,VENDA,2020-09-14,-,70.0,Venda/Short
My Trading Log 2020.xlsx,Trades - Opções (Erros),5,2020,Opções,ABEVI130,VENDA,2020-09-16,2020-09-17,-1100.0,Venda/Short
My Trading Log 2020.xlsx,Trades - Opções (Erros),6,2020,Opções,BBASI340,VENDA,2020-09-16,-,210.0,Venda/Short
My Trading Log Novo 2019.xlsx,Position Trade - Futuros,4,2019,Futuros,ICFH19,V,2019-11-29,2019-01-08,1128.5999999999985,Venda/Short
My Trading Log Novo 2019.xlsx,Position Trade - Futuros,5,2019,Futuros,BGIK19,C,2018-12-12,2019-01-15,-4950.0,Compra/Long
My Trading Log Novo 2019.xlsx,Position Trade - Futuros,6,2019,Futuros,ICFH19,V,2019-01-02,2019-01-08,-4757.600000000006,Venda/Short
My Trading Log Novo 2019.xlsx,Position Trade - Futuros,7,2019,Futuros,ICFH19,V,2019-01-15,2019-02-21,7141.0,Venda/Short
My Trading Log Novo 2019.xlsx,Position Trade - Futuros,8,2019,Futuros,ICFH19,V,2019-02-11,2019-02-21,8558.100000000006,Venda/Short
My Trading Log Novo 2019.xlsx,Position Trade - Futuros,9,2019,Futuros,BGIK19,C,2019-02-12,2019-02-21,-8250.0,Compra/Long
My Trading Log Novo 2019.xlsx,Position Trade - Futuros,10,2019,Futuros,CCMK19,C,2018-12-21,2019-03-11,4950.0,Compra/Long
My Trading Log Novo 2019.xlsx,Position Trade - Futuros,11,2019,Futuros,CCMK19,C,2019-02-12,2019-03-11,-2106.0,Compra/Long
My Trading Log Novo 2019.xlsx,Position Trade - Futuros,12,2019,Futuros,CCMK19,C,2019-02-26,2019-03-11,-7200.0,Compra/Long
My Trading Log Novo 2019.xlsx,Position Trade - Futuros,13,2019,Futuros,ICFU19,V,2019-03-07,2019-04-04,2508.600000000006,Venda/Short
My Trading Log Novo 2019.xlsx,Position Trade - Futuros,14,2019,Futuros,ICFU19,V,2019-03-28,2019-04-04,-4195.800000000003,Venda/Short
My Trading Log Novo 2019.xlsx,Position Trade - Futuros,15,2019,Futuros,BGIK19,C,2019-03-11,2019-04-26,6336.000000000058,Compra/Long
My Trading Log Novo 2019.xlsx,Position Trade - Futuros,16,2019,Futuros,BGIK19,C,2019-03-28,2019-04-26,-214.4999999999709,Compra/Long
My Trading Log Novo 2019.xlsx,Position Trade - Futuros,17,2019,Futuros,CCMK19,V,2019-03-18,2019-05-14,29880.00000000003,Venda/Short
My Trading Log Novo 2019.xlsx,Position Trade - Futuros,18,2019,Futuros,CCMK19,V,2019-04-29,2019-05-14,540.0000000000146,Venda/Short
My Trading Log Novo 2019.xlsx,Position Trade - Futuros,19,2019,Futuros,CCMU19,V,2019-05-10,2019-05-14,-6696.0,Venda/Short
My Trading Log Novo 2019.xlsx,Position Trade - Futuros,20,2019,Futuros,ICFU19,V,2019-04-08,2019-05-21,4514.0,Venda/Short
My Trading Log Novo 2019.xlsx,Position Trade - Futuros,21,2019,Futuros,ICFU19,V,2019-05-08,2019-05-21,-4403.0,Venda/Short
My Trading Log Novo 2019.xlsx,Position Trade - Futuros,22,2019,Futuros,CCMU19,C,2019-05-17,2019-05-20,1485.0000000000146,Compra/Long
My Trading Log Novo 2019.xlsx,Position Trade - Futuros,23,2019,Futuros,CCMU19,C,2019-05-20,2019-05-20,-1327.5,Compra/Long
My Trading Log Novo 2019.xlsx,Position Trade - Futuros,24,2019,Futuros,BGIV19,C,2019-05-15,2019-05-27,-1082.3999999999942,Compra/Long
My Trading Log Novo 2019.xlsx,Position Trade - Futuros,25,2019,Futuros,BGIV19,C,2019-05-30,2019-05-30,-5049.000000000058,Compra/Long
My Trading Log Novo 2019.xlsx,Position Trade - Futuros,26,2019,Futuros,CCMU19,C,2019-05-27,2019-06-06,-2070.0,Compra/Long
My Trading Log Novo 2019.xlsx,Position Trade - Futuros,27,2019,Futuros,ICFU19,V,2019-06-05,2019-06-24,4188.799999999988,Venda/Short
My Trading Log Novo 2019.xlsx,Position Trade - Futuros,28,2019,Futuros,ICFU19,V,2019-06-05,2019-06-24,1955.7999999999884,Venda/Short
My Trading Log Novo 2019.xlsx,Position Trade - Futuros,29,2019,Futuros,CCMU19,C,2019-06-12,2019-06-28,3496.5,Compra/Long
My Trading Log Novo 2019.xlsx,Position Trade - Futuros,30,2019,Futuros,BGIV19,C,2019-06-18,2019-07-01,-1287.0,Compra/Long
My Trading Log Novo 2019.xlsx,Position Trade - Futuros,31,2019,Futuros,ICFU19,C,2019-06-26,2019-06-27,-2598.75,Compra/Long
My Trading Log Novo 2019.xlsx,Position Trade - Futuros,32,2019,Futuros,ICFU19,C,2019-07-01,2019-07-01,-2656.499999999971,Compra/Long
My Trading Log Novo 2019.xlsx,Position Trade - Futuros,33,2019,Futuros,BGIV19,C,2019-07-19,2019-07-23,-4537.5,Compra/Long
My Trading Log Novo 2019.xlsx,Position Trade - Futuros,34,2019,Futuros,ICFU19,V,2019-07-23,2019-08-28,15631.0,Venda/Short
My Trading Log Novo 2019.xlsx,Position Trade - Futuros,35,2019,Futuros,CCMX19,C,2019-08-06,2019-08-12,-2844.0,Compra/Long
My Trading Log Novo 2019.xlsx,Position Trade - Futuros,36,2019,Futuros,ICFZ19,V,2019-07-23,2019-09-09,-4411.600000000006,Venda/Short
My Trading Log Novo 2019.xlsx,Position Trade - Futuros,37,2019,Futuros,ICFZ19,V,2019-09-19,2019-10-03,-5043.0,Venda/Short
My Trading Log Novo 2019.xlsx,Position Trade - Futuros,38,2019,Futuros,CCMX19,C,2019-09-12,2019-10-10,4212.0,Compra/Long
My Trading Log Novo 2019.xlsx,Position Trade - Futuros,39,2019,Futuros,CCMX19,C,2019-10-08,2019-10-10,-1620.0,Compra/Long
My Trading Log Novo 2019.xlsx,Position Trade - Futuros,40,2019,Futuros,ICFZ19,V,2019-10-07,2019-10-18,1107.0,Venda/Short
My Trading Log Novo 2019.xlsx,Position Trade - Futuros,41,2019,Futuros,ICFZ19,V,2019-10-15,2019-10-18,-2747.0,Venda/Short
My Trading Log Novo 2019.xlsx,Position Trade - Futuros,42,2019,Futuros,CCMX19,C,2019-10-21,-,-405.0,Compra/Long
My Trading Log Novo 2019.xlsx,Position Trade - Futuros,43,2019,Futuros,CCMX19,C,2019-10-11,2019-11-01,1728.0,Compra/Long
My Trading Log Novo 2019.xlsx,Position Trade - Futuros,44,2019,Futuros,CCMX19,C,2019-10-16,2019-11-01,459.0,Compra/Long
My Trading Log Novo 2019.xlsx,Position Trade - Futuros,45,2019,Futuros,CCMF20,C,2019-10-21,2019-11-22,4590.0,Compra/Long
My Trading Log Novo 2019.xlsx,Position Trade - Futuros,46,2019,Futuros,CCMF20,C,2019-11-11,2019-11-14,3825.0,Compra/Long
My Trading Log Novo 2019.xlsx,Position Trade - Futuros,47,2019,Futuros,CCMF20,C,2019-11-18,2019-11-22,8370.0,Compra/Long
My Trading Log Novo 2019.xlsx,Position Trade - Futuros,48,2019,Futuros,BGIV19,C,2019-11-19,2019-11-22,-1303.5,Compra/Long
My Trading Log Novo 2019.xlsx,Position Trade - Futuros,49,2019,Futuros,CCMF20,C,2019-11-18,2019-11-22,2394.0,Compra/Long
My Trading Log Novo 2019.xlsx,Position Trade - Futuros,50,2019,Futuros,CCMF20,C,2019-11-18,2019-11-22,-787.5,Compra/Long
My Trading Log Novo 2019.xlsx,Position Trade - Futuros,51,2019,Futuros,CCMF20,C,2019-11-22,2019-11-27,720.0,Compra/Long
My Trading Log Novo 2019.xlsx,Position Trade - Futuros,52,2019,Futuros,BGIZ19,C,2019-11-22,2019-11-28,33.0,Compra/Long
My Trading Log Novo 2019.xlsx,Position Trade - Futuros,53,2019,Futuros,BGIZ19,C,2019-11-26,2019-11-28,-2475.0,Compra/Long
My Trading Log Novo 2019.xlsx,Position Trade - Futuros,54,2019,Futuros,CCMF20,C,2019-11-29,2019-12-02,-675.0,Compra/Long
My Trading Log Novo 2019.xlsx,Position Trade - Futuros,55,2019,Futuros,CCMF20,C,2019-11-29,2019-12-02,-855.0,Compra/Long
My Trading Log Novo 2019.xlsx,Position Trade - Futuros,56,2019,Futuros,BGIZ19,C,2019-11-29,2019-12-02,-2310.0,Compra/Long
My Trading Log Novo 2019.xlsx,Position Trade - Futuros,57,2019,Futuros,ICFH20,C,2019-12-05,2019-12-11,11317.050000000017,Compra/Long
My Trading Log Novo 2019.xlsx,Position Trade - Futuros,58,2019,Futuros,ICFH20,C,2019-12-16,-,-1062.3999999999942,Compra/Long
My Trading Log Novo 2019.xlsx,Position Trade - Futuros,59,2019,Futuros,CCMF20,C,2019-11-29,2019-12-02,-3960.0,Compra/Long
My Trading Log Novo 2019.xlsx,Position - Acoes (NEW SYSTEM),3,2019,Ações,LAME4,COMPRA,2019-10-15,2019-10-31,-3301.9999999999927,Compra/Long
My Trading Log Novo 2019.xlsx,Position - Acoes (NEW SYSTEM),4,2019,Ações,YDUQ3,COMPRA,2019-10-14,2019-11-08,351.0,Compra/Long
My Trading Log Novo 2019.xlsx,Position - Acoes (NEW SYSTEM),5,2019,Ações,BTOW3,COMPRA,2019-10-14,2019-10-31,-2712.0,Compra/Long
My Trading Log Novo 2019.xlsx,Position - Acoes (NEW SYSTEM),6,2019,Ações,MGLU3,COMPRA,2019-10-09,2019-11-13,5328.0,Compra/Long
My Trading Log Novo 2019.xlsx,Position - Acoes (NEW SYSTEM),7,2019,Ações,CYRE3,COMPRA,2019-11-01,2019-11-12,-2356.0,Compra/Long
My Trading Log Novo 2019.xlsx,Position - Acoes (NEW SYSTEM),8,2019,Ações,MGLU3,COMPRA,2019-11-18,2019-11-18,-1768.0,Compra/Long
My Trading Log Novo 2019.xlsx,Position - Acoes (NEW SYSTEM),9,2019,Ações,B3SA3,COMPRA,2019-10-23,2019-11-19,340.0,Compra/Long
My Trading Log Novo 2019.xlsx,Position - Acoes (NEW SYSTEM),10,2019,Ações,FLRY3,COMPRA,2019-11-11,2019-11-19,994.0,Compra/Long
My Trading Log Novo 2019.xlsx,Position - Acoes (NEW SYSTEM),11,2019,Ações,BRML3,COMPRA,2019-11-01,2019-11-19,-32.0,Compra/Long
My Trading Log Novo 2019.xlsx,Position - Acoes (NEW SYSTEM),12,2019,Ações,BTOW3,COMPRA,2019-11-18,2019-11-19,-105.0,Compra/Long
My Trading Log Novo 2019.xlsx,Position - Acoes (NEW SYSTEM),13,2019,Ações,FLRY3,COMPRA,2019-11-25,2019-12-10,297.0,Compra/Long
My Trading Log Novo 2019.xlsx,Position - Acoes (NEW SYSTEM),14,2019,Ações,RAIL3,COMPRA,2019-12-02,2019-12-18,-80.0,Compra/Long
My Trading Log Novo 2019.xlsx,Position - Acoes (NEW SYSTEM),15,2019,Ações,BBSE3,COMPRA,2019-12-18,-,-78.0,Compra/Long
My Trading Log Novo 2019.xlsx,Position - Acoes (NEW SYSTEM),16,2019,Ações,GSHP3,COMPRA,2019-12-18,-,-2900.0,Compra/Long
My Trading Log Novo 2019.xlsx,Position - Acoes (NEW SYSTEM),17,2019,Ações,MGLU3,COMPRA,2019-12-10,2019-12-26,1225.0,Compra/Long
My Trading Log Novo 2019.xlsx,Position - Acoes (NEW SYSTEM),18,2019,Ações,BTOW3,COMPRA,2019-11-18,2019-12-27,3710.0,Compra/Long
My Trading Log Novo 2019.xlsx,Position - Acoes (NEW SYSTEM),19,2019,Ações,PETR4,COMPRA,2019-11-22,2019-12-27,704.0,Compra/Long
My Trading Log Novo 2019.xlsx,Position - Acoes (NEW SYSTEM),20,2019,Ações,LAME4,COMPRA,2019-12-02,2019-12-27,6732.0,Compra/Long
My Trading Log Novo 2019.xlsx,Position - Acoes (NEW SYSTEM),21,2019,Ações,BRPR3,COMPRA,2019-11-25,2019-12-27,2926.0,Compra/Long
My Trading Log Novo 2019.xlsx,Position - Acoes (NEW SYSTEM),22,2019,Ações,COGN3,COMPRA,2019-12-26,2019-12-27,-240.0,Compra/Long
My Trading Log Novo 2019.xlsx,Position - Acoes (old system),5,2019,Ações,BRML3,COMPRA,2018-11-16,2019-03-06,948.0,Compra/Long
My Trading Log Novo 2019.xlsx,Position - Acoes (old system),6,2019,Ações,BRSF3,COMPRA,2018-12-05,2019-01-04,-1494.0,Compra/Long
My Trading Log Novo 2019.xlsx,Position - Acoes (old system),7,2019,Ações,CPLE6,COMPRA,2019-01-02,2019-02-21,6069.0,Compra/Long
My Trading Log Novo 2019.xlsx,Position - Acoes (old system),8,2019,Ações,B3SA3,COMPRA,2019-01-02,2019-03-07,10373.0,Compra/Long
My Trading Log Novo 2019.xlsx,Position - Acoes (old system),9,2019,Ações,USIM5,COMPRA,2019-01-09,2019-02-07,-2405.0,Compra/Long
My Trading Log Novo 2019.xlsx,Position - Acoes (old system),10,2019,Ações,BRFS3,COMPRA,2019-01-18,2019-02-13,-1615.0,Compra/Long
My Trading Log Novo 2019.xlsx,Position - Acoes (old system),11,2019,Ações,CMIG4,COMPRA,2019-02-20,2019-03-07,-972.0,Compra/Long
My Trading Log Novo 2019.xlsx,Position - Acoes (old system),12,2019,Ações,ITUB4,COMPRA,2019-02-25,2019-03-20,-2829.0,Compra/Long
My Trading Log Novo 2019.xlsx,Position - Acoes (old system),13,2019,Ações,SBSP3,COMPRA,2019-02-25,2019-03-06,-1544.0,Compra/Long
My Trading Log Novo 2019.xlsx,Position - Acoes (old system),14,2019,Ações,ARZZ3,COMPRA,2019-02-26,2019-03-07,-840.0,Compra/Long
My Trading Log Novo 2019.xlsx,Position - Acoes (old system),15,2019,FIIs,SANB11,COMPRA,2019-03-13,2019-03-22,-2106.0,Compra/Long
My Trading Log Novo 2019.xlsx,Position - Acoes (old system),16,2019,Ações,BBAS3,COMPRA,2019-03-11,2019-03-21,-3360.0,Compra/Long
My Trading Log Novo 2019.xlsx,Position - Acoes (old system),17,2019,Ações,B3SA3,COMPRA,2019-03-11,2019-03-22,-408.0,Compra/Long
My Trading Log Novo 2019.xlsx,Position - Acoes (old system),18,2019,Ações,BBAS3,VENDA,2019-05-17,2019-05-21,-1919.9999999999964,Venda/Short
My Trading Log Novo 2019.xlsx,Position - Acoes (old system),19,2019,Ações,BBDC4,VENDA,2019-05-17,2019-05-21,-4521.999999999993,Venda/Short
My Trading Log Novo 2019.xlsx,Position - Acoes (old system),20,2019,Ações,PETR4,VENDA,2019-05-17,2019-05-21,-4439.999999999993,Venda/Short
My Trading Log Novo 2019.xlsx,Position - Acoes (old system),21,2019,FIIs,SANB11,VENDA,2019-05-17,2019-05-22,-4158.0,Venda/Short
My Trading Log Novo 2019.xlsx,Position - Acoes (old system),22,2019,Ações,EQTL3,COMPRA,2019-05-24,2019-06-25,5688.0,Compra/Long
My Trading Log Novo 2019.xlsx,Position - Acoes (old system),23,2019,Ações,RENT3,COMPRA,2019-05-28,2019-06-25,2887.9999999999964,Compra/Long
My Trading Log Novo 2019.xlsx,Position - Acoes (old system),24,2019,Ações,MRVE3,COMPRA,2019-05-24,2019-06-25,4814.999999999993,Compra/Long
My Trading Log Novo 2019.xlsx,Position - Acoes (old system),25,2019,Ações,ELET3,COMPRA,2019-06-03,2019-06-25,-852.0,Compra/Long
My Trading Log Novo 2019.xlsx,Position - Acoes (old system),26,2019,Ações,DIRR3,COMPRA,2019-08-02,2019-08-15,-3612.0,Compra/Long
My Trading Log Novo 2019.xlsx,Position - Acoes (old system),27,2019,Ações,SQIA3,COMPRA,2019-08-07,2019-08-15,-550.0,Compra/Long
My Trading Log Novo 2019.xlsx,Position - Acoes (old system),28,2019,Ações,NATU3,COMPRA,2019-08-01,2019-08-23,-224.0,Compra/Long
My Trading Log Novo 2019.xlsx,Position - Acoes (old system),29,2019,Ações,NATU3,COMPRA,2019-08-02,2019-08-23,-600.0,Compra/Long
My Trading Log Novo 2019.xlsx,Position - Acoes (old system),30,2019,Ações,BRML3,COMPRA,2019-08-08,2019-08-20,-4320.0,Compra/Long
My Trading Log Novo 2019.xlsx,Position - Acoes (old system),31,2019,Ações,MGLU3,COMPRA,2019-08-13,2019-08-23,-2981.9999999999964,Compra/Long
My Trading Log Novo 2019.xlsx,Position - Acoes (old system),32,2019,Ações,ELET6,COMPRA,2019-08-19,2019-08-20,-3060.0,Compra/Long
My Trading Log Novo 2019.xlsx,Position - Acoes (old system),33,2019,Ações,JBSS3,COMPRA,2019-07-05,2019-09-09,8640.0,Compra/Long
My Trading Log Novo 2019.xlsx,Position - Acoes (old system),34,2019,Ações,BRPR3,COMPRA,2019-08-22,2019-09-09,969.0,Compra/Long
My Trading Log Novo 2019.xlsx,Position - Acoes (old system),35,2019,Ações,FLRY3,COMPRA,2019-08-22,2019-09-09,-2784.0,Compra/Long
My Trading Log Novo 2019.xlsx,Position - Acoes (old system),36,2019,Ações,VVAR3,COMPRA,2019-09-02,2019-09-09,-4050.0,Compra/Long
My Trading Log Novo 2019.xlsx,Position - Acoes (old system),37,2019,Ações,MGLU3,COMPRA,2019-09-04,2019-09-09,-1547.9999999999964,Compra/Long
My Trading Log Novo 2019.xlsx,Position - Acoes (old system),38,2019,Ações,FLRY3 (T),COMPRA,2019-10-01,2019-10-07,-6524.0,Compra/Long
My Trading Log Novo 2019.xlsx,Position - Acoes (old system),39,2019,Ações,WEGE3,COMPRA,2019-09-19,2019-10-07,-2232.0,Compra/Long
My Trading Log Novo 2019.xlsx,Position - Acoes (old system),40,2019,Ações,QUAL3 (T),COMPRA,2019-10-01,2019-10-07,-1990.0,Compra/Long
My Trading Log Novo 2019.xlsx,Position - Acoes (old system),41,2019,Ações,BRPR3,COMPRA,2019-09-12,2019-10-08,216.0,Compra/Long
My Trading Log Novo 2019.xlsx,Position - Acoes (old system),42,2019,Ações,EQTL3,COMPRA,2019-09-12,2019-10-08,-1110.0,Compra/Long
My Trading Log Novo 2019.xlsx,Position - Acoes (old system),43,2019,Ações,VIVT4,COMPRA,2019-09-19,2019-10-08,-1080.0,Compra/Long
Nature 1 Log - Jan Fev e Mar.xlsx,Phi - Jan2015,2,2014,Ações,VALE5,SHORT,2014-12-23,2014-12-30,-264.0,Venda/Short
Nature 1 Log - Jan Fev e Mar.xlsx,Phi - Jan2015,3,2014,Ações,PETR4,SHORT,2014-12-23,2014-01-22,-1.0,Venda/Short
Nature 1 Log - Jan Fev e Mar.xlsx,Phi - Jan2015,4,2014,Ações,ARTR3,SHORT,2014-12-23,2014-01-16,-164.0,Venda/Short
Nature 1 Log - Jan Fev e Mar.xlsx,Phi - Jan2015,5,2014,Ações,GOAU4,SHORT,2014-12-26,2014-01-07,-44.0,Venda/Short
Nature 1 Log - Jan Fev e Mar.xlsx,Phi - Jan2015,6,2014,Ações,BRPR3,SHORT,2014-12-29,2014-01-08,-126.0,Venda/Short
Nature 1 Log - Jan Fev e Mar.xlsx,Phi - Jan2015,7,2014,Ações,CYRE3,SHORT,2014-12-29,2014-01-07,-72.0,Venda/Short
Nature 1 Log - Jan Fev e Mar.xlsx,Phi - Jan2015,8,2014,Ações,ENBR3,SHORT,2014-12-29,2014-01-08,6.000000000000455,Venda/Short
Nature 1 Log - Jan Fev e Mar.xlsx,Phi - Jan2015,9,2014,Ações,HGTX3,SHORT,2014-12-29,2014-02-04,21.999999999999773,Venda/Short
Nature 1 Log - Jan Fev e Mar.xlsx,Phi - Jan2015,10,2014,Ações,MRVE3,SHORT,2014-12-29,2014-01-07,-36.0,Venda/Short
Nature 1 Log - Jan Fev e Mar.xlsx,Phi - Jan2015,11,2014,Ações,OIBR4,SHORT,2014-12-29,2014-02-13,199.9999999999999,Venda/Short
Nature 1 Log - Jan Fev e Mar.xlsx,Phi - Jan2015,12,2014,Ações,PDGR3,SHORT,2014-12-29,2015-03-24,950.0,Venda/Short
Nature 1 Log - Jan Fev e Mar.xlsx,Phi - Jan2015,13,2014,Ações,PETR3,SHORT,2014-12-29,2014-01-22,-34.0,Venda/Short
Nature 1 Log - Jan Fev e Mar.xlsx,Phi - Jan2015,14,2015,Ações,CSNA3,SHORT,2015-01-02,2014-01-07,-77.99999999999977,Venda/Short
Nature 1 Log - Jan Fev e Mar.xlsx,Phi - Jan2015,15,2015,Ações,GFSA3,SHORT,2015-01-02,2014-01-22,11.0,Venda/Short
Nature 1 Log - Jan Fev e Mar.xlsx,Phi - Jan2015,16,2014,Ações,CMIG4,SHORT,2014-01-08,2014-01-16,-4.0,Venda/Short
Nature 1 Log - Jan Fev e Mar.xlsx,Phi - Jan2015,17,2014,Ações,FLYR3,SHORT,2014-01-08,2014-01-27,60.0,Venda/Short
Nature 1 Log - Jan Fev e Mar.xlsx,Phi - Jan2015,18,2014,Ações,HBOR3,SHORT,2014-01-08,2015-02-06,203.00000000000045,Venda/Short
Nature 1 Log - Jan Fev e Mar.xlsx,Phi - Jan2015,19,2014,Ações,LEVE3,SHORT,2014-01-08,2014-01-09,-90.0,Venda/Short
Nature 1 Log - Jan Fev e Mar.xlsx,Phi - Jan2015,20,2014,Ações,MILS3,SHORT,2014-01-08,2014-02-27,270.0,Venda/Short
Nature 1 Log - Jan Fev e Mar.xlsx,Phi - Jan2015,21,2014,Ações,MRFG3,SHORT,2014-01-08,2014-02-23,148.0,Venda/Short
Nature 1 Log - Jan Fev e Mar.xlsx,Phi - Jan2015,22,2014,Ações,NATU3,SHORT,2014-01-08,2015-01-21,-40.0,Venda/Short
Nature 1 Log - Jan Fev e Mar.xlsx,Phi - Jan2015,23,2014,Ações,OIBR3,SHORT,2014-01-08,2014-02-18,-57.0,Venda/Short
Nature 1 Log - Jan Fev e Mar.xlsx,Phi - Jan2015,24,2014,Ações,RSID3,SHORT,2014-01-08,2014-02-13,66.0,Venda/Short
Nature 1 Log - Jan Fev e Mar.xlsx,Phi - Jan2015,25,2014,Ações,SBSP3,SHORT,2014-01-08,2014-02-13,437.99999999999955,Venda/Short
Nature 1 Log - Jan Fev e Mar.xlsx,Phi - Jan2015,26,2014,FIIs,STBP11,SHORT,2014-01-08,2015-01-14,-70.0,Venda/Short
Nature 1 Log - Jan Fev e Mar.xlsx,Phi - Jan2015,27,2014,FIIs,SULA11,SHORT,2014-01-08,2015-01-21,-69.0,Venda/Short
Nature 1 Log - Jan Fev e Mar.xlsx,Phi - Jan2015,28,2014,Ações,TCSA3,SHORT,2014-01-08,2015-02-05,35.0,Venda/Short
Nature 1 Log - Jan Fev e Mar.xlsx,Phi - Jan2015,29,2014,Ações,BEEF3,SHORT,2014-01-09,2014-02-23,132.00000000000045,Venda/Short
Nature 1 Log - Jan Fev e Mar.xlsx,Phi - Jan2015,30,2014,Ações,BRML3,SHORT,2014-01-09,2015-01-15,-50.0,Venda/Short
Nature 1 Log - Jan Fev e Mar.xlsx,Phi - Jan2015,31,2014,Ações,TGMA3,SHORT,2014-01-09,2014-01-23,-302.0,Venda/Short
Nature 1 Log - Jan Fev e Mar.xlsx,Phi - Jan2015,32,2014,Ações,USIM5,SHORT,2014-01-09,2014-02-20,264.0000000000002,Venda/Short
Nature 1 Log - Jan Fev e Mar.xlsx,Phi - Jan2015,33,2014,Ações,BVMF3,SHORT,2014-01-12,2015-01-21,-91.99999999999909,Venda/Short
Nature 1 Log - Jan Fev e Mar.xlsx,Phi - Jan2015,34,2014,Ações,CSMG3,SHORT,2014-01-15,2015-02-26,278.0,Venda/Short
Nature 1 Log - Jan Fev e Mar.xlsx,Phi - Jan2015,35,2014,Ações,BRAP4,SHORT,2014-01-16,2015-01-19,-116.0,Venda/Short
Nature 1 Log - Jan Fev e Mar.xlsx,Phi - Jan2015,36,2014,Ações,CSNA3,SHORT,2014-01-16,2014-01-22,-155.99999999999977,Venda/Short
Nature 1 Log - Jan Fev e Mar.xlsx,Phi - Jan2015,37,2014,Ações,ELET6,SHORT,2014-01-21,2014-02-20,90.0,Venda/Short
Nature 1 Log - Jan Fev e Mar.xlsx,Phi - Jan2015,38,2014,Ações,DTEX3,SHORT,2014-01-21,2015-02-03,-325.0,Venda/Short
Nature 1 Log - Jan Fev e Mar.xlsx,Phi - Jan2015,39,2014,Ações,ELPL4,SHORT,2014-01-21,2015-02-02,-34.0,Venda/Short
Nature 1 Log - Jan Fev e Mar.xlsx,Phi - Jan2015,40,2014,Ações,CSAN3,SHORT,2014-01-22,2014-01-23,-113.0,Venda/Short
Nature 1 Log - Jan Fev e Mar.xlsx,Phi - Jan2015,41,2014,Ações,MGLU3,SHORT,2014-01-23,2015-02-26,125.0,Venda/Short
Nature 1 Log - Jan Fev e Mar.xlsx,Phi - Jan2015,42,2014,Ações,GOAU4,SHORT,2014-01-23,2015-02-03,-216.0,Venda/Short
Nature 1 Log - Jan Fev e Mar.xlsx,Phi - Jan2015,43,2014,Ações,GGBR4,SHORT,2014-01-23,2015-02-02,-57.99999999999977,Venda/Short
Nature 1 Log - Jan Fev e Mar.xlsx,Phi - Jan2015,44,2014,Ações,POMO4,SHORT,2014-01-23,2015-03-16,495.0,Venda/Short
Nature 1 Log - Jan Fev e Mar.xlsx,Phi - Jan2015,45,2014,Ações,MRVE3,SHORT,2014-01-26,2015-02-05,-52.0,Venda/Short
Nature 1 Log - Jan Fev e Mar.xlsx,Phi - Jan2015,46,2014,Ações,CPFE3,SHORT,2014-01-26,2015-02-02,-128.00000000000023,Venda/Short
Nature 1 Log - Jan Fev e Mar.xlsx,Phi - Jan2015,47,2014,Ações,EVEN3,SHORT,2014-01-26,2015-02-26,-30.0,Venda/Short
Nature 1 Log - Jan Fev e Mar.xlsx,Phi - Jan2015,48,2014,Ações,GFSA3,SHORT,2014-01-28,2015-02-13,-39.000000000000455,Venda/Short
Nature 1 Log - Jan Fev e Mar.xlsx,Phi - Jan2015,49,2014,Ações,BRAP4,SHORT,2014-01-28,2015-02-12,-210.0,Venda/Short
Nature 1 Log - Jan Fev e Mar.xlsx,Phi - Jan2015,50,2015,Ações,ALSC3,SHORT,2015-02-03,2015-02-18,-70.00000000000045,Venda/Short
Nature 1 Log - Jan Fev e Mar.xlsx,Phi - Jan2015,51,2015,Ações,ARTR3,SHORT,2015-02-03,2015-02-26,8.0,Venda/Short
Nature 1 Log - Jan Fev e Mar.xlsx,Phi - Jan2015,52,2015,Ações,GRND3,SHORT,2015-02-04,2015-02-13,-225.0,Venda/Short
Nature 1 Log - Jan Fev e Mar.xlsx,Phi - Jan2015,53,2015,Ações,CYRE3,SHORT,2015-02-05,2015-02-06,-52.0,Venda/Short
Nature 1 Log - Jan Fev e Mar.xlsx,Phi - Jan2015,54,2015,Ações,CMIG4,SHORT,2015-02-06,2015-02-13,-40.0,Venda/Short
Nature 1 Log - Jan Fev e Mar.xlsx,Phi - Jan2015,55,2015,Ações,HGTX3,SHORT,2015-02-06,2015-03-25,279.99999999999955,Venda/Short
Nature 1 Log - Jan Fev e Mar.xlsx,Phi - Jan2015,56,2015,Ações,GOAU4,SHORT,2015-02-06,2015-02-09,-88.0,Venda/Short
Nature 1 Log - Jan Fev e Mar.xlsx,Phi - Jan2015,57,2015,Ações,ENBR3,SHORT,2015-02-06,2015-02-13,-156.00000000000045,Venda/Short
Nature 1 Log - Jan Fev e Mar.xlsx,Phi - Jan2015,58,2015,Ações,QGEP3,SHORT,2015-02-11,2015-02-12,-148.0,Venda/Short
Nature 1 Log - Jan Fev e Mar.xlsx,Phi - Jan2015,59,2015,FIIs,SULA11,SHORT,2015-02-13,2015-02-18,-66.0,Venda/Short
Nature 1 Log - Jan Fev e Mar.xlsx,Phi - Jan2015,60,2015,Ações,MÉDIA/TOTAL,,,,166.00000000000045,Não informado
New Trading Journal (com daytrade = ruim).xlsx,Stock Trades,2,2017,Ações,JBSS3,Long,2017-01-11,2017-01-16,-82.0,Compra/Long
New Trading Journal (com daytrade = ruim).xlsx,Stock Trades,3,2017,Ações,PETR3,Long,2017-01-12,2017-01-27,-312.00000000000045,Compra/Long
New Trading Journal (com daytrade = ruim).xlsx,Stock Trades,4,2017,Ações,PETR4,Long,2017-01-03,2017-01-03,-143.0,Compra/Long
New Trading Journal (com daytrade = ruim).xlsx,Stock Trades,5,2017,Ações,VALE5,Long,2017-01-03,2017-01-03,-138.0,Compra/Long
New Trading Journal (com daytrade = ruim).xlsx,Stock Trades,8,2017,Ações,BBDC4,Long,2017-01-10,2017-02-02,27.0,Compra/Long
New Trading Journal (com daytrade = ruim).xlsx,Stock Trades,9,2017,Ações,BRAP4,Long,2017-01-10,2017-02-03,822.0,Compra/Long
New Trading Journal (com daytrade = ruim).xlsx,Stock Trades,10,2017,Ações,MRFG3,Long,2017-02-06,2017-02-22,-182.0,Compra/Long
New Trading Journal (com daytrade = ruim).xlsx,Stock Trades,11,2017,Ações,RUMO3,Long,2017-01-11,2017-02-24,870.0,Compra/Long
New Trading Journal (com daytrade = ruim).xlsx,Stock Trades,12,2017,Ações,USIM5,Long,2017-01-24,2017-02-24,-74.0,Compra/Long
New Trading Journal (com daytrade = ruim).xlsx,Stock Trades,15,2017,Ações,JBSS3,Long,2017-02-02,2017-03-06,-87.0,Compra/Long
New Trading Journal (com daytrade = ruim).xlsx,Stock Trades,16,2017,Ações,EMBR3,Long,2017-03-10,2017-03-15,-654.0,Compra/Long
New Trading Journal (com daytrade = ruim).xlsx,Stock Trades,17,2017,Ações,GOAU4,Long,2017-03-07,2017-03-20,-1602.0,Compra/Long
New Trading Journal (com daytrade = ruim).xlsx,Stock Trades,18,2017,Ações,BBAS3,Long,2017-03-07,2017-03-20,-845.9999999999964,Compra/Long
New Trading Journal (com daytrade = ruim).xlsx,Stock Trades,19,2017,Ações,TIMP3,Long,2017-02-06,2017-03-31,237.00000000000045,Compra/Long
New Trading Journal (com daytrade = ruim).xlsx,Stock Trades,20,2017,Ações,TIMP3,Long,2017-01-20,2017-03-31,110.0,Compra/Long
New Trading Journal (com daytrade = ruim).xlsx,Stock Trades,21,2017,Ações,MRVE3,Long,2017-02-01,2017-03-31,462.0,Compra/Long
New Trading Journal (com daytrade = ruim).xlsx,Stock Trades,24,2017,Ações,VALE5,Long,2017-04-25,2017-04-25,810.0,Compra/Long
New Trading Journal (com daytrade = ruim).xlsx,Stock Trades,25,2017,Ações,PETR4,Long,2017-04-26,2017-04-26,-450.0,Compra/Long
New Trading Journal (com daytrade = ruim).xlsx,Stock Trades,26,2017,Ações,VALE5,Long,2017-04-26,2017-04-26,-455.0,Compra/Long
New Trading Journal (com daytrade = ruim).xlsx,Stock Trades,29,2017,Ações,VALE5,Short,2017-05-04,2017-05-04,160.0,Venda/Short
New Trading Journal (com daytrade = ruim).xlsx,Stock Trades,30,2017,Ações,VALE5,Long,2017-05-09,2017-05-09,-360.0,Compra/Long
New Trading Journal (com daytrade = ruim).xlsx,Stock Trades,31,2017,Ações,PETR4,Long,2017-05-10,2017-05-10,-490.0,Compra/Long
New Trading Journal (com daytrade = ruim).xlsx,Stock Trades,32,2017,Ações,JBSS3,Short,2017-05-22,2017-05-22,6960.0,Venda/Short
New Trading Journal (com daytrade = ruim).xlsx,Stock Trades,33,2017,Ações,BBAS3,Long,2017-05-24,2017-05-24,-920.0,Compra/Long
New Trading Journal (com daytrade = ruim).xlsx,Stock Trades,34,2017,Ações,JBSS3,Long,2017-05-25,2017-05-25,3639.9999999999927,Compra/Long
New Trading Journal (com daytrade = ruim).xlsx,Stock Trades,35,2017,Ações,RADL3,Long,2017-05-26,2017-05-26,48.0,Compra/Long
New Trading Journal (com daytrade = ruim).xlsx,Stock Trades,38,2017,Ações,JBSS3,VENDA,2017-06-02,2017-06-02,-350.0,Venda/Short
New Trading Journal (com daytrade = ruim).xlsx,Stock Trades,39,2017,Ações,JBSS3,COMPRA,2017-06-06,2017-06-06,350.0,Compra/Long
New Trading Journal (com daytrade = ruim).xlsx,Stock Trades,40,2017,Ações,JBSS3,VENDA,2017-06-08,2017-06-08,400.0,Venda/Short
New Trading Journal (com daytrade = ruim).xlsx,Stock Trades,41,2017,Ações,JBSS3,COMPRA,2017-06-08,2017-06-08,-420.0,Compra/Long
New Trading Journal (com daytrade = ruim).xlsx,Stock Trades,42,2017,Ações,NATU3,VENDA,2017-06-09,2017-06-09,625.0,Venda/Short
New Trading Journal (com daytrade = ruim).xlsx,Stock Trades,43,2017,Ações,NATU3,VENDA,2017-06-09,2017-06-09,945.0,Venda/Short
New Trading Journal (com daytrade = ruim).xlsx,Stock Trades,44,2017,Ações,NATU3,VENDA,2017-06-09,2017-06-09,-280.0,Venda/Short
New Trading Journal (com daytrade = ruim).xlsx,Stock Trades,45,2017,FIIs,SANB11,VENDA,2017-06-12,2017-06-12,-699.9999999999854,Venda/Short
New Trading Journal (com daytrade = ruim).xlsx,Stock Trades,46,2017,Ações,BRAP4,VENDA,2017-06-12,2017-06-12,-660.0,Venda/Short
New Trading Journal (com daytrade = ruim).xlsx,Stock Trades,47,2017,Ações,BRAP4,VENDA,2017-06-13,2017-06-13,1360.0,Venda/Short
New Trading Journal (com daytrade = ruim).xlsx,Stock Trades,48,2017,Ações,BBAS3,COMPRA,2017-06-14,2017-06-14,-1200.0,Compra/Long
New Trading Journal (com daytrade = ruim).xlsx,Stock Trades,49,2017,Ações,BRAP4,COMPRA,2017-06-14,2017-06-14,-900.0,Compra/Long
New Trading Journal (com daytrade = ruim).xlsx,Stock Trades,50,2017,Ações,SUZB5,COMPRA,2017-06-16,2017-06-16,-680.0,Compra/Long
New Trading Journal (com daytrade = ruim).xlsx,Stock Trades,51,2017,Ações,BRAP4,VENDA,2017-06-16,2017-06-16,-900.0000000000146,Venda/Short
New Trading Journal (com daytrade = ruim).xlsx,Stock Trades,52,2017,Ações,BRAP4,COMPRA,2017-06-19,2017-06-19,-120.0,Compra/Long
New Trading Journal (com daytrade = ruim).xlsx,Stock Trades,53,2017,Ações,JBSS3,VENDA,2017-06-19,2017-06-19,-480.0,Venda/Short
New Trading Journal (com daytrade = ruim).xlsx,Stock Trades,54,2017,Ações,VALE5,COMPRA,2017-06-20,2017-06-20,-1600.0,Compra/Long
New Trading Journal (com daytrade = ruim).xlsx,Stock Trades,55,2017,Ações,PETR4,COMPRA,2017-06-20,2017-06-20,-800.0,Compra/Long
New Trading Journal (com daytrade = ruim).xlsx,Stock Trades,64,2017,Ações,RLOG3,Long,2017-08-24,2017-09-06,-2627.9999999999964,Compra/Long
New Trading Journal (com daytrade = ruim).xlsx,Stock Trades,65,2017,Ações,DTEX3 (T),Long,2017-08-24,2017-09-20,8733.0,Compra/Long
New Trading Journal (com daytrade = ruim).xlsx,Stock Trades,66,2017,Ações,TIET11 (T),Long,2017-09-20,2017-09-27,600.0,Compra/Long
New Trading Journal (com daytrade = ruim).xlsx,Stock Trades,67,2017,Ações,FIBR3,Long,2017-08-14,2017-09-25,2646.0000000000036,Compra/Long
New Trading Journal (com daytrade = ruim).xlsx,Stock Trades,68,2017,Ações,TCSA3 (T),Long,2017-09-12,2017-09-26,-3434.0,Compra/Long
New Trading Journal (com daytrade = ruim).xlsx,Stock Trades,69,2017,Ações,SMTO3 (T),Long,2017-09-04,2017-09-27,-703.0,Compra/Long
New Trading Journal (com daytrade = ruim).xlsx,Stock Trades,70,2017,Ações,TIET11 (T),Long,2017-09-20,2017-09-27,-930.0,Compra/Long
New Trading Journal (com daytrade = ruim).xlsx,Stock Trades,71,2017,Ações,PETR4,Long,2017-09-05,2017-09-05,-100.0,Compra/Long
New Trading Journal (com daytrade = ruim).xlsx,Stock Trades,72,2017,Ações,PETR4,Long,2017-09-06,2017-09-06,-900.0,Compra/Long
New Trading Journal (com daytrade = ruim).xlsx,Stock Trades,73,2017,Ações,VALE5,Long,2017-09-18,2017-09-18,-28.0,Compra/Long
New Trading Journal (com daytrade = ruim).xlsx,Stock Trades,74,2017,Ações,PETR4,Long,2017-09-27,2017-09-27,-1100.0,Compra/Long
New Trading Journal (com daytrade = ruim).xlsx,Stock Trades,75,2017,Ações,VALE5,Long,2017-09-27,2017-09-27,-600.0,Compra/Long
New Trading Journal (com daytrade = ruim).xlsx,Stock Trades,78,2017,Ações,ALPA4 (T),Long,2017-09-12,2017-10-09,2067.0,Compra/Long
New Trading Journal (com daytrade = ruim).xlsx,Stock Trades,79,2017,Ações,VVAR11 (T),Long,2017-10-02,2017-10-13,-1990.0,Compra/Long
New Trading Journal (com daytrade = ruim).xlsx,Stock Trades,80,2017,Ações,NATU3,Long,2017-08-15,2017-10-13,1456.0,Compra/Long
New Trading Journal (com daytrade = ruim).xlsx,Stock Trades,81,2017,Ações,DTEX3 (T),Long,2017-09-20,2017-10-17,-1025.0,Compra/Long
New Trading Journal (com daytrade = ruim).xlsx,Stock Trades,82,2017,Ações,KROT3,Long,2017-08-14,2017-10-23,4140.000000000004,Compra/Long
New Trading Journal (com daytrade = ruim).xlsx,Stock Trades,83,2017,Ações,ECOR3,Long,2017-10-05,2017-10-30,24.0,Compra/Long
New Trading Journal (com daytrade = ruim).xlsx,Stock Trades,84,2017,Ações,HGTX3 (T),Long,2017-10-23,2017-10-31,-2080.0,Compra/Long
New Trading Journal (com daytrade = ruim).xlsx,Stock Trades,85,2017,Ações,ALPA4 (T),Long,2017-10-09,2017-10-31,1014.0,Compra/Long
New Trading Journal (com daytrade = ruim).xlsx,Stock Trades,86,2017,Ações,ARZZ3,Long,2017-10-30,2017-10-31,-686.0,Compra/Long
New Trading Journal (com daytrade = ruim).xlsx,Stock Trades,87,2017,Ações,PETR4,Long,2017-10-03,2017-10-03,-680.0,Compra/Long
New Trading Journal (com daytrade = ruim).xlsx,Stock Trades,88,2017,Ações,PETR4,Long,2017-10-10,2017-10-10,-480.0,Compra/Long
New Trading Journal (com daytrade = ruim).xlsx,Stock Trades,89,2017,Ações,PETR4,Long,2017-10-25,2017-10-25,600.0,Compra/Long
New Trading Journal (com daytrade = ruim).xlsx,Stock Trades,90,2017,Ações,VALE5,Long,2017-10-25,2017-10-25,100.0,Compra/Long
New Trading Journal (com daytrade = ruim).xlsx,Stock Trades,91,2017,Ações,PETR4,Long,2017-10-26,2017-10-26,300.0,Compra/Long
New Trading Journal (com daytrade = ruim).xlsx,Stock Trades,92,2017,Ações,PETR4,Long,2017-10-27,2017-10-27,750.0000000000146,Compra/Long
New Trading Journal (com daytrade = ruim).xlsx,Stock Trades,95,2017,Ações,FESA4(T),Long,2017-10-18,2017-11-07,-660.0,Compra/Long
New Trading Journal (com daytrade = ruim).xlsx,Stock Trades,96,2017,Ações,TOTS3 (T),Long,2017-11-01,2017-11-09,-3097.0000000000073,Compra/Long
New Trading Journal (com daytrade = ruim).xlsx,Stock Trades,97,2017,Ações,GFSA3 (T),Long,2017-11-09,2017-11-10,-2574.0,Compra/Long
New Trading Journal (com daytrade = ruim).xlsx,Stock Trades,98,2017,Ações,ELPL3,Long,2017-11-21,2017-11-30,91.0,Compra/Long
New Trading Journal (com daytrade = ruim).xlsx,Stock Trades,99,2017,Ações,SLCE3 (T),Long,2017-11-22,2017-11-30,-832.0,Compra/Long
New Trading Journal (com daytrade = ruim).xlsx,Stock Trades,100,2017,Ações,VALE5,Long,2017-11-07,2017-11-07,-1140.0,Compra/Long
New Trading Journal (com daytrade = ruim).xlsx,Stock Trades,103,2017,Ações,LEVE3,Long,2017-11-07,2017-12-04,120.0,Compra/Long
New Trading Journal (com daytrade = ruim).xlsx,Stock Trades,104,2017,Ações,MAGG3,Long,2017-09-28,,15840.0,Compra/Long
New Trading Journal (com daytrade = ruim).xlsx,Stock Trades,105,2017,Ações,BRAP4 (T),Long,2017-11-22,,-756.0,Compra/Long
New Trading Journal (com daytrade = ruim).xlsx,Stock Trades,106,2017,Ações,ECOR3 (T),Long,2017-11-22,,-1365.0,Compra/Long
Sigma 2 Log.xlsx,Trading Log,3,2013,Ações,CCXC3,LONG,2013-09-16,2013-09-24,-180.0,Compra/Long
Sigma 2 Log.xlsx,Trading Log,4,2013,Ações,MGLU3,LONG,2013-09-16,2013-11-13,151.0000000000001,Compra/Long
Sigma 2 Log.xlsx,Trading Log,5,2013,Ações,GFSA3,LONG,2013-09-18,2013-10-16,-63.0,Compra/Long
Sigma 2 Log.xlsx,Trading Log,6,2013,Ações,PDGR3,LONG,2013-09-18,2013-10-11,-209.99999999999977,Compra/Long
Sigma 2 Log.xlsx,Trading Log,7,2013,Ações,HBOR3,LONG,2013-09-19,2013-10-23,-47.0,Compra/Long
Sigma 2 Log.xlsx,Trading Log,8,2013,Ações,EVEN3,LONG,2013-09-19,2013-10-24,-67.99999999999989,Compra/Long
Sigma 2 Log.xlsx,Trading Log,9,2013,Ações,RAPT4,LONG,2013-09-19,2013-11-06,-41.0,Compra/Long
Sigma 2 Log.xlsx,Trading Log,10,2013,Ações,LLXL3,LONG,2013-09-20,2013-10-03,-215.0,Compra/Long
Sigma 2 Log.xlsx,Trading Log,11,2013,Ações,POMO4,LONG,2013-09-25,2013-10-01,-153.0,Compra/Long
Sigma 2 Log.xlsx,Trading Log,12,2013,Ações,EQTL3,LONG,2013-10-03,2013-11-08,11.0,Compra/Long
Sigma 2 Log.xlsx,Trading Log,13,2013,Ações,MGLU3,LONG,2013-10-10,2013-11-13,40.00000000000023,Compra/Long
Sigma 2 Log.xlsx,Trading Log,14,2013,Ações,ABCB4,LONG,2013-10-17,2013-11-21,-68.0,Compra/Long
Sigma 2 Log.xlsx,Trading Log,15,2013,Ações,ELPL4,LONG,2013-10-24,2013-12-17,-87.99999999999989,Compra/Long
Sigma 2 Log.xlsx,Trading Log,16,2013,Ações,MGLU3,LONG,2013-11-08,2013-11-13,-123.99999999999977,Compra/Long
Sigma 2 Log.xlsx,Trading Log,17,2013,Ações,AEDU3,LONG,2013-11-12,2013-12-26,3.0,Compra/Long
Sigma 2 Log.xlsx,Trading Log,18,2013,Ações,QUAL3,LONG,2013-11-18,2013-12-26,-27.0,Compra/Long
Sigma 2 Log.xlsx,Trading Log,19,2013,Ações,LIGT3,LONG,2013-11-19,2013-12-23,98.0,Compra/Long
Sigma 2 Log.xlsx,Trading Log,20,2013,Ações,ESTC3,LONG,2013-11-25,2013-12-19,195.99999999999977,Compra/Long
Stocks Phi3  v3 - Out.xlsx,Phi3 - EMAs - 17 72 ,2,2015,Ações,LEVE3,Long,2015-10-08,2015-10-19,-22.0,Compra/Long
Stocks Phi3  v3 - Out.xlsx,Phi3 - EMAs - 17 72 ,3,2015,Ações,SLCE3,Long,2015-10-08,2015-10-09,-46.00000000000023,Compra/Long
Stocks Phi3  v3 - Out.xlsx,Phi3 - EMAs - 17 72 ,4,2015,Ações,CRUZ3,Long,2015-10-08,2015-10-15,60.0,Compra/Long
Stocks Phi3  v3 - Out.xlsx,Phi3 - EMAs - 17 72 ,5,2015,Ações,BEEF3,Long,2015-10-08,2015-10-09,-59.0,Compra/Long
Stocks Phi3  v3 - Out.xlsx,Phi3 - EMAs - 17 72 ,6,2015,FIIs,KLBN11,Long,2015-10-09,2015-10-19,-23.0,Compra/Long
Stocks Phi3  v3 - Out.xlsx,Phi3 - EMAs - 17 72 ,7,2015,Ações,MRFG3,Long,2015-10-09,2015-10-19,-74.0,Compra/Long
Stocks Phi3  v3 - Out.xlsx,Phi3 - EMAs - 17 72 ,8,2015,Ações,GRND3,Long,2015-10-09,2015-10-16,-247.99999999999955,Compra/Long
Stocks Phi3  v3 - Out.xlsx,Phi3 - EMAs - 17 72 ,9,2015,Ações,MÉDIA/TOTAL,,,,-411.9999999999998,Não informado
Trading Log - Dez.xlsx,Stocks - Trading Log,2,2015,Ações,ELET6,Long,2015-12-10,2015-12-29,-37.999999999999886,Compra/Long
Trading Log - Dez.xlsx,Stocks - Trading Log,3,2015,Ações,ENBR3,Long,2015-12-10,2015-12-18,-76.0,Compra/Long
Trading Log - Dez.xlsx,Stocks - Trading Log,4,2015,FIIs,KLBN11,Long,2015-12-10,2015-12-18,-244.0,Compra/Long
Trading Log - Dez.xlsx,Stocks - Trading Log,5,2015,Ações,MPLU3,Long,2015-12-10,2016-01-04,-83.0,Compra/Long
Trading Log - Dez.xlsx,Stocks - Trading Log,6,2015,Ações,MRVE3,Long,2015-12-10,2015-12-17,-33.0,Compra/Long
Trading Log - Dez.xlsx,Stocks - Trading Log,7,2015,Ações,MRFG3,Long,2015-12-10,2016-02-11,-37.0,Compra/Long
Trading Log - Dez.xlsx,Stocks - Trading Log,8,2015,Ações,ODPV3,Long,2015-12-10,2015-12-14,-126.0,Compra/Long
Trading Log - Dez.xlsx,Stocks - Trading Log,9,2015,Ações,PSSA3,Long,2015-12-10,2015-12-11,-136.0000000000009,Compra/Long
Trading Log - Dez.xlsx,Stocks - Trading Log,10,2015,Ações,EMBR3,Long,2015-12-15,2015-12-11,-234.0,Compra/Long
Trading Log - Dez.xlsx,Stocks - Trading Log,11,2015,Ações,HYPE3,Short,2015-12-15,2016-02-11,-91.0,Venda/Short
Trading Log - Dez.xlsx,Stocks - Trading Log,12,2015,Ações,LEVE3,Long,2015-12-15,2015-12-29,-81.0,Compra/Long
Trading Log - Dez.xlsx,Stocks - Trading Log,13,2015,Ações,MRVE3,Short,2015-12-17,2016-02-11,-118.00000000000045,Venda/Short
Trading Log - Dez.xlsx,Stocks - Trading Log,14,2015,Ações,BEEF3,Short,2015-12-17,2015-12-21,-84.0,Venda/Short
Trading Log - Dez.xlsx,Stocks - Trading Log,15,2015,Ações,ALPA4,Short,2015-12-18,2016-02-11,-20.0,Venda/Short
Trading Log - Dez.xlsx,Stocks - Trading Log,16,2015,Ações,CVCB3,Long,2015-12-18,2015-12-21,-198.0,Compra/Long
Trading Log - Dez.xlsx,Stocks - Trading Log,17,2015,Ações,BBRK3,Short,2015-12-21,2016-02-11,80.0,Venda/Short
Trading Log - Dez.xlsx,Stocks - Trading Log,18,2015,Ações,CMIG4,Short,2015-12-21,,151.0,Venda/Short
Trading Log - Dez.xlsx,Stocks - Trading Log,19,2015,Ações,PETR4,Short,2015-12-21,2016-02-11,280.99999999999994,Venda/Short
Trading Log - Dez.xlsx,Stocks - Trading Log,20,2015,Ações,CESP6,Short,2015-12-24,2016-02-11,-5.0,Venda/Short
Trading Log - Dez.xlsx,Stocks - Trading Log,21,2015,Ações,CVCB3,Short,2015-12-25,2016-01-04,-180.0,Venda/Short
Trading Log - Dez.xlsx,Stocks - Trading Log,22,2015,Ações,FLRY3,Short,2015-12-26,2016-01-04,-141.0,Venda/Short
Trading Log - Dez.xlsx,Stocks - Trading Log,23,2015,Ações,GOLL4,Short,2015-12-27,2016-02-11,56.0,Venda/Short
Trading Log - Dez.xlsx,Stocks - Trading Log,24,2015,Ações,JBSS3,Short,2015-12-28,2016-02-11,255.0,Venda/Short
Trading Log - Dez.xlsx,Stocks - Trading Log,25,2015,Ações,LIGT3,Short,2015-12-29,2016-02-11,51.0,Venda/Short
Trading Log - Dez.xlsx,Stocks - Trading Log,26,2015,Ações,VALE3,Short,2015-12-30,2016-02-11,331.0,Venda/Short
Trading Log - Dez.xlsx,Stocks - Trading Log,27,2015,Ações,VALE5,Short,2015-12-31,2016-02-11,598.0,Venda/Short
Trading Log - Dez.xlsx,Futures - Trading Log,2,2015,Futuros,BGIV15,1.0,,,-435.59999999999854,Não informado
Trading Log - Dez.xlsx,Futures - Trading Log,3,2015,Futuros,WDOF16,1.0,,,-650.0,Não informado
Trading Log - Dez.xlsx,Futures - Trading Log,4,2015,Futuros,CCMF16,1.0,,,2799.0,Não informado
Trading Log - Dez.xlsx,Futures - Trading Log,5,2015,Futuros,WDOF16,1.0,,,-500.0,Não informado
Trading Log - Dez.xlsx,Futures - Trading Log,6,2015,Futuros,WDOF16,1.0,,,125.0,Não informado
Trading Log - Dez.xlsx,Futures - Trading Log,7,2015,Futuros,MÉDIA/TOTAL,,,,1338.4000000000015,Não informado
Trading Log 2021.xlsx,Futures,13,2021,Futuros,BGIN21,VENDA,2021-06-18,,3233.999999999942,Venda/Short
Trading Log 2021.xlsx,Futures,14,2021,Futuros,CCMN21,VENDA,2021-06-22,,-54.0,Venda/Short
Trading Log 2021.xlsx,Futures,15,2021,Futuros,CCMN21,COMPRA,2021-06-24,,11565.0,Compra/Long
Trading Log 2021.xlsx,Futures,16,2021,Futuros,CCMU21,COMPRA,2021-07-05,,-486.0,Compra/Long
Trading Log 2021.xlsx,Futures,17,2021,Futuros,CCMU21,COMPRA,2021-07-08,,-9180.0,Compra/Long
Trading Log 2021.xlsx,Futures,18,2021,Futuros,CCMU21,COMPRA,2021-06-12,,-15781.5,Compra/Long
Trading Log 2021.xlsx,Futures,19,2021,Futuros,CCMU21,COMPRA,2021-07-20,,11412.0,Compra/Long
Trading Log 2021.xlsx,Futures,21,2021,Futuros,CCMU21,COMPRA,2021-07-27,,-9409.5,Compra/Long
Trading Log 2021.xlsx,Futures,22,2021,Futuros,CCMN21,VENDA,2021-07-29,,-2025.0,Venda/Short
Trading Log 2021.xlsx,Futures,23,2021,Futuros,BGIV21,VENDA,2021-08-09,,-3663.0000000001164,Venda/Short
Trading Log 2021.xlsx,Futures,24,2021,Futuros,CCMN21,VENDA,2021-07-29,,1755.0,Venda/Short
Trading Log 2021.xlsx,Futures,25,2021,Futuros,CCMN21,VENDA,2021-08-05,,-2331.0,Venda/Short
Trading Log 2021.xlsx,Futures,26,2021,Futuros,CCMU21,COMPRA,2021-08-05,,-4032.0,Compra/Long
Trading Log 2021.xlsx,Futures,27,2021,Futuros,CCMU21,COMPRA,2021-08-11,,-2016.0,Compra/Long
Trading Log 2021.xlsx,Futures,28,2021,Futuros,CCMU21,VENDA,2021-08-19,,2160.0,Venda/Short
Trading Log 2021.xlsx,Futures,29,2021,Futuros,CCMU21,VENDA,2021-08-20,,450.0,Venda/Short
Trading Log 2021.xlsx,Futures,30,2021,Futuros,BGIV21,VENDA,2021-08-20,,-1531.2000000000116,Venda/Short
Trading Log 2021.xlsx,Futures,31,2021,Futuros,BGIV21,VENDA,2021-08-24,,-4817.999999999942,Venda/Short
Trading Log 2021.xlsx,Futures,32,2021,Futuros,CCMU21,VENDA,2021-08-24,,112.5,Venda/Short
Trading Log 2021.xlsx,Futures,33,2021,Futuros,CCMU21,VENDA,2021-08-24,,-112.5,Venda/Short
Trading Log 2021.xlsx,Futures,34,2021,Futuros,CCMU21,VENDA,2021-08-25,,202.5,Venda/Short
Trading Log 2021.xlsx,Futures,35,2021,Futuros,CCMU21,VENDA,2021-08-30,,5994.0,Venda/Short
Trading Log 2021.xlsx,Futures,36,2021,Futuros,BGIV21,VENDA,2021-08-30,,13332.0,Venda/Short
Trading Log 2021.xlsx,Futures,37,2021,Futuros,BGIV21,VENDA,2021-09-09,,-2046.000000000029,Venda/Short
Trading Log 2021.xlsx,Futures,38,2021,Futuros,CCMX21,COMPRA,2021-09-13,,3276.0,Compra/Long
Trading Log 2021.xlsx,Futures,39,2021,Futuros,BGIV21,COMPRA,2021-09-13,,-1650.0,Compra/Long
Trading Log 2021.xlsx,Futures,40,2021,Futuros,CCMX21,COMPRA,2021-09-15,,-1107.0,Compra/Long
Trading Log 2021.xlsx,Futures,41,2021,Futuros,BGIV21,COMPRA,2021-09-15,,-3534.2999999999884,Compra/Long
Trading Log 2021.xlsx,Futures,42,2021,Futuros,CCMX21,VENDA,2021-09-23,,-990.0,Venda/Short
Trading Log 2021.xlsx,Futures,43,2021,Futuros,CCMX21,VENDA,2021-09-24,,-6948.0,Venda/Short
Trading Log 2021.xlsx,Futures,44,2021,Futuros,ICFZ21,COMPRA,2021-09-27,,-3890.899999999994,Compra/Long
Trading Log 2021.xlsx,Futures,45,2021,Futuros,ICFZ21,COMPRA,2021-09-27,,-1412.449999999997,Compra/Long
Trading Log 2021.xlsx,Futures,46,2021,Futuros,ICFZ21,COMPRA,2021-09-27,,-986.0500000000029,Compra/Long
Trading Log 2021.xlsx,Futures,47,2021,Futuros,ICFZ21,COMPRA,2021-10-01,,-14039.219999999972,Compra/Long
Trading Log 2021.xlsx,Futures,48,2021,Futuros,BGIX21,VENDA,2021-09-27,,19404.00000000006,Venda/Short
Trading Log 2021.xlsx,Futures,49,2021,Futuros,BGIX21,VENDA,2021-09-30,,6567.0,Venda/Short
Trading Log 2021.xlsx,Futures,50,2021,Futuros,CCMX21,VENDA,2021-09-30,,2943.0,Venda/Short
Trading Log 2021.xlsx,Futures,51,2021,Futuros,CCMX21,VENDA,2021-10-06,,-486.0,Venda/Short
Trading Log 2021.xlsx,Futures,52,2021,Futuros,BGIX21,VENDA,2021-10-07,,8183.999999999971,Venda/Short
Trading Log 2021.xlsx,Futures,53,2021,Futuros,BGIX21,VENDA,2021-10-07,,6025.799999999988,Venda/Short
Trading Log 2021.xlsx,Futures,54,2021,Futuros,ICFZ21,COMPRA,2021-10-07,,1263.2100000000064,Compra/Long
Trading Log 2021.xlsx,Futures,55,2021,Futuros,ICFZ21,COMPRA,2021-10-11,,-2467.7899999999936,Compra/Long
Trading Log 2021.xlsx,Futures,56,2021,Futuros,BGIX21,VENDA,2021-10-21,,726.0,Venda/Short
Trading Log 2021.xlsx,Futures,57,2021,Futuros,CCMF22,VENDA,2021-10-25,,-11880.0,Venda/Short
Trading Log 2021.xlsx,Futures,58,2021,Futuros,ICFZ21,COMPRA,2021-11-01,,-2244.0,Compra/Long
Trading Log 2021.xlsx,Futures,59,2021,Futuros,ICFZ21,COMPRA,2021-11-01,,-6451.5,Compra/Long
Trading Log 2021.xlsx,Futures,60,2021,Futuros,CCMF22,VENDA,2021-11-04,,7641.0,Venda/Short
Trading Log 2021.xlsx,Futures,61,2021,Futuros,CCMF22,VENDA,2021-11-08,,2664.0,Venda/Short
Trading Log 2021.xlsx,Futures,62,2021,Futuros,CCMF22,VENDA,2021-11-11,,405.0,Venda/Short
Trading Log 2021.xlsx,Futures,63,2021,Futuros,CCMF22,VENDA,2021-11-22,,-1764.0,Venda/Short
Trading Log 2021.xlsx,Futures,64,2021,Futuros,CCMF22,VENDA,2021-11-24,,-1746.0,Venda/Short
Trading Log 2021.xlsx,Futures,65,2021,Futuros,CCMF22,VENDA,2021-11-26,,-5652.0,Venda/Short
Trading Log 2021.xlsx,Futures,66,2021,Futuros,BGIV21,COMPRA,2021-11-26,,-2785.2000000000116,Compra/Long
Trading Log 2021.xlsx,Futures,67,2021,Futuros,CCMF22,COMPRA,2021-12-01,,4140.0,Compra/Long
Trading Log 2021.xlsx,Futures,68,2021,Futuros,CCMF22,COMPRA,2021-12-01,,-1080.0,Compra/Long
Trading Log 2021.xlsx,Futures,69,2021,Futuros,CCMF22,COMPRA,2021-12-06,,-2754.0,Compra/Long
Trading Log 2021.xlsx,Futures,70,2021,Futuros,ICFH22,COMPRA,2021-12-03,,-4656.299999999988,Compra/Long
Trading Log 2021.xlsx,Futures,71,2021,Futuros,ICFH22,COMPRA,2021-12-06,,-3870.899999999965,Compra/Long
Trading Log 2021.xlsx,Futures,72,2021,Futuros,BGIF22,VENDA,2021-12-08,,4834.500000000058,Venda/Short
Trading Log 2021.xlsx,Futures,73,2021,Futuros,WING22,VENDA,2021-12-20,,110.0,Venda/Short
Trading Log 2021.xlsx,Janeiro,3,2021,Ações,CSNA3,Compra,2020-11-25,2021-01-22,18840.0,Compra/Long
Trading Log 2021.xlsx,Janeiro,4,2021,Ações,USIM5,Compra,2020-11-25,2021-01-22,2065.0,Compra/Long
Trading Log 2021.xlsx,Janeiro,5,2021,Ações,BRAP4,Compra,2020-11-25,2021-01-22,13740.0,Compra/Long
Trading Log 2021.xlsx,Janeiro,6,2021,Ações,GOAU4,Compra,2020-12-18,2021-01-22,240.0,Compra/Long
Trading Log 2021.xlsx,Janeiro,7,2021,Ações,GGBR4,Compra,2020-12-18,2021-01-22,-800.0,Compra/Long
Trading Log 2021.xlsx,Fevereiro,3,2021,Ações,RSID3,Compra,2021-01-26,2021-02-01,-1575.0,Compra/Long
Trading Log 2021.xlsx,Fevereiro,4,2021,Ações,SMTO3,Compra,2021-02-11,2021-02-11,90.0,Compra/Long
Trading Log 2021.xlsx,Fevereiro,5,2021,Ações,SLCE3,Compra,2021-02-01,2021-02-18,18960.0,Compra/Long
Trading Log 2021.xlsx,Fevereiro,6,2021,Ações,RSID3,Compra,2021-02-02,2021-02-22,-4320.0,Compra/Long
Trading Log 2021.xlsx,Fevereiro,7,2021,Ações,CSNA3,Compra,2021-02-05,2021-02-25,6000.0,Compra/Long
Trading Log 2021.xlsx,Fevereiro,8,2021,Ações,FRAS3,Compra,2021-02-03,2021-02-25,2745.0,Compra/Long
Trading Log 2021.xlsx,Fevereiro,9,2021,Ações,PRIO3,Compra,2021-02-22,2021-02-25,-3652.0,Compra/Long
Trading Log 2021.xlsx,Fevereiro,10,2021,Ações,PRIO3,Compra,2021-02-17,2021-02-25,-1500.0,Compra/Long
Trading Log 2021.xlsx,Fevereiro,11,2021,Ações,VALE3,Compra,2021-02-17,2021-02-25,-945.0,Compra/Long
Trading Log 2021.xlsx,Fevereiro,12,2021,Ações,BIDI3,Compra,2021-02-22,2021-02-25,-3080.0,Compra/Long
Trading Log 2021.xlsx,Fevereiro,13,2021,Ações,PTBL3,Compra,2021-02-23,2021-02-25,-2800.0,Compra/Long
Trading Log 2021.xlsx,Março,3,2021,Ações,SLCE3,Compra,2021-03-02,2021-03-08,-2268.0000000000073,Compra/Long
Trading Log 2021.xlsx,Março,4,2021,Ações,VALE3,Compra,2021-03-02,2021-03-09,-4560.0,Compra/Long
Trading Log 2021.xlsx,Março,5,2021,Ações,CSNA3,Compra,2021-03-18,2021-03-19,-3003.0,Compra/Long
Trading Log 2021.xlsx,Março,6,2021,FIIs,TAEE11,Compra,2021-03-17,2021-03-25,1240.0,Compra/Long
Trading Log 2021.xlsx,Março,7,2021,Ações,MILS3,Compra,2021-03-22,2021-03-25,-2500.0000000000036,Compra/Long
Trading Log 2021.xlsx,Março,8,2021,Ações,POSI3,Compra,2021-03-19,2021-03-25,260.0,Compra/Long
Trading Log 2021.xlsx,Março,9,2021,Ações,TASA4,Compra,2021-03-16,2021-03-29,-1971.0,Compra/Long
Trading Log 2021.xlsx,Março,10,2021,Ações,TASA4,Compra,2021-03-18,2021-03-29,-5805.0,Compra/Long
Trading Log 2021.xlsx,Março,11,2021,Ações,CSAN3,Compra,2021-03-18,2021-03-29,-2934.0,Compra/Long
Trading Log 2021.xlsx,Março,12,2021,Ações,AAPL34,Compra,2021-03-29,2021-03-31,24.0,Compra/Long
Trading Log 2021.xlsx,Março,13,2021,FIIs,TAEE11,Compra,2021-03-29,2021-03-31,2385.0000000000073,Compra/Long
Trading Log 2021.xlsx,Abril,3,2021,Ações,POSI3,Compra,2021-03-29,2021-04-05,2400.0,Compra/Long
Trading Log 2021.xlsx,Abril,5,2021,Ações,EMBR3,Compra,2021-03-30,2021-04-01,-700.0,Compra/Long
Trading Log 2021.xlsx,Abril,6,2021,Ações,LUPA,Compra,2021-04-01,2021-04-05,-440.0,Compra/Long
Trading Log 2021.xlsx,Abril,7,2021,Ações,TRPL4,Compra,2021-03-26,2021-04-05,-176.00000000000364,Compra/Long
Trading Log 2021.xlsx,Abril,8,2021,Ações,MILS3,Compra,2021-04-05,-,-312.0,Compra/Long
Trading Log 2021.xlsx,Abril,9,2021,Ações,UNIP6,Compra,2021-03-19,2021-04-05,6183.000000000007,Compra/Long
Trading Log 2021.xlsx,Abril,11,2021,Ações,PTNT3,Compra,2021-04-06,2021-04-06,1525.0,Compra/Long
Trading Log 2021.xlsx,Abril,12,2021,FIIs,BPAC11,Compra,2021-04-06,2021-04-06,-3440.0,Compra/Long
Trading Log 2021.xlsx,Abril,13,2021,Ações,POSI3,Compra,2021-04-06,2021-04-07,765.0000000000146,Compra/Long
Trading Log 2021.xlsx,Abril,14,2021,Ações,LCAM3,Compra,2021-04-08,2021-04-09,-1357.0,Compra/Long
Trading Log 2021.xlsx,Abril,15,2021,FIIs,BPAC11,Compra,2021-04-07,2021-04-09,-582.0,Compra/Long
Trading Log 2021.xlsx,Abril,16,2021,Ações,UNIP6,Compra,2021-04-08,2021-04-12,1080.0,Compra/Long
Trading Log 2021.xlsx,Abril,18,2021,Ações,KEPL3,Compra,2021-04-09,2021-04-12,-760.0,Compra/Long
Trading Log 2021.xlsx,Abril,19,2021,Ações,LEVE3,Compra,2021-03-30,2021-04-13,5568.0,Compra/Long
Trading Log 2021.xlsx,Abril,22,2021,Ações,MSFT34,Compra,2021-04-01,2021-04-14,2502.399999999994,Compra/Long
Trading Log 2021.xlsx,Abril,23,2021,Ações,GOGL34,Compra,2021-04-01,-,1726.2000000000044,Compra/Long
Trading Log 2021.xlsx,Abril,24,2021,Ações,LWSA3,Compra,2021-04-13,2021-04-14,-450.0,Compra/Long
Trading Log 2021.xlsx,Abril,25,2021,Ações,PTBL3,Compra,2021-04-12,2021-04-14,-1120.0,Compra/Long
Trading Log 2021.xlsx,Abril,26,2021,Ações,EMBR3,Compra,2021-04-14,2021-04-16,-2400.0,Compra/Long
Trading Log 2021.xlsx,Abril,27,2021,Ações,PRIO3,Compra,2021-04-13,2021-04-15,-1790.0,Compra/Long
Trading Log 2021.xlsx,Abril,28,2021,Ações,CBEE3,Compra,2021-04-15,2021-04-15,-3666.0,Compra/Long
Trading Log 2021.xlsx,Abril,29,2021,Ações,LCAM3,Compra,2021-04-14,2021-04-19,-1088.0,Compra/Long
Trading Log 2021.xlsx,Abril,30,2021,Ações,LUPA3,Compra,2021-04-19,2021-04-19,360.0,Compra/Long
Trading Log 2021.xlsx,Abril,31,2021,Ações,BIDI4,Compra,2021-04-07,2021-04-19,5510.0,Compra/Long
Trading Log 2021.xlsx,Abril,33,2021,Ações,VALE3,Compra,2021-04-14,2021-04-20,396.0,Compra/Long
Trading Log 2021.xlsx,Abril,35,2021,Ações,BRAP4,Compra,2021-04-05,2021-04-12,1850.0,Compra/Long
Trading Log 2021.xlsx,Abril,40,2021,Ações,LWSA3,Compra,2021-04-20,2021-04-20,-318.99999999999636,Compra/Long
Trading Log 2021.xlsx,Abril,41,2021,Ações,ROMI3,Compra,2021-04-12,2021-04-20,10458.0,Compra/Long
Trading Log 2021.xlsx,Abril,43,2021,Ações,RAPT4,Compra,2021-04-20,2021-04-22,-2220.0,Compra/Long
Trading Log 2021.xlsx,Abril,44,2021,Ações,BRDT3,Compra,2021-04-20,2021-04-22,-506.9999999999927,Compra/Long
Trading Log 2021.xlsx,Abril,45,2021,Ações,PTBL3,Compra,2021-04-22,2021-04-23,-4200.0,Compra/Long
Trading Log 2021.xlsx,Abril,46,2021,Ações,NORD3,Compra,2021-04-22,2021-04-26,-2230.0,Compra/Long
Trading Log 2021.xlsx,Abril,47,2021,Ações,TASA4,Compra,2021-04-23,2021-04-27,-1600.0,Compra/Long
Trading Log 2021.xlsx,Abril,48,2021,Ações,PTBL3,Compra,2021-04-16,2021-04-20,4240.0,Compra/Long
Trading Log 2021.xlsx,Abril,49,2021,Ações,CMIG4,Compra,2021-04-20,2021-04-23,-1200.0,Compra/Long
Trading Log 2021.xlsx,Abril,50,2021,FIIs,TAEE11,Compra,2021-04-16,2021-04-23,1428.0,Compra/Long
Trading Log 2021.xlsx,Abril,52,2021,FIIs,SANB11,Compra,2021-04-28,2021-04-29,-3075.0,Compra/Long
Trading Log 2021.xlsx,Abril,53,2021,Ações,ATOM3,Compra,2021-04-27,-,-2140.0,Compra/Long
Trading Log 2021.xlsx,Abril,54,2021,Ações,GOLL4,Compra,2021-04-26,2021-04-30,-1500.0,Compra/Long
Trading Log 2021.xlsx,Abril,55,2021,Ações,GUAR3,Compra,2021-04-26,2021-04-29,-3089.9999999999927,Compra/Long
Trading Log 2021.xlsx,Abril,56,2021,Ações,LEVE3,Compra,2021-04-28,2021-04-30,-1416.0,Compra/Long
Trading Log 2021.xlsx,Maio,3,2021,Ações,LOGN3,Compra,2021-04-29,2021-05-03,312.0,Compra/Long
Trading Log 2021.xlsx,Maio,4,2021,Ações,SMTO3,Compra,2021-04-20,2021-04-28,-431.9999999999927,Compra/Long
Trading Log 2021.xlsx,Maio,5,2021,FIIs,TAEE11,Compra,2021-05-03,2021-05-05,-7872.0,Compra/Long
Trading Log 2021.xlsx,Maio,6,2021,Ações,INEP4,Compra,2021-04-26,2021-05-04,6720.0,Compra/Long
Trading Log 2021.xlsx,Maio,8,2021,Ações,DTEX3,Compra,2021-04-30,-,-2397.0,Compra/Long
Trading Log 2021.xlsx,Maio,9,2021,Ações,SIMH3,Compra,2021-04-29,2021-05-10,2940.0,Compra/Long
Trading Log 2021.xlsx,Maio,10,2021,Ações,APER3,Compra,2021-05-10,2021-05-10,-7557.0,Compra/Long
Trading Log 2021.xlsx,Maio,11,2021,Ações,BPAN,Compra,2021-04-23,2021-05-10,3090.0000000000073,Compra/Long
Trading Log 2021.xlsx,Maio,13,2021,Ações,INEP3,Compra,2021-05-12,2021-05-13,-10620.0,Compra/Long
Trading Log 2021.xlsx,Maio,14,2021,Ações,RSID3,Compra,2021-05-11,2021-05-14,-3745.0,Compra/Long
Trading Log 2021.xlsx,Maio,15,2021,Ações,VALE3,Compra,2021-04-28,2021-05-14,-786.0,Compra/Long
Trading Log 2021.xlsx,Maio,16,2021,Ações,LUPA3,Compra,2021-05-05,2021-05-17,432.0,Compra/Long
Trading Log 2021.xlsx,Maio,18,2021,Ações,POSI3,Compra,2021-05-11,2021-05-17,-5550.0,Compra/Long
Trading Log 2021.xlsx,Maio,19,2021,Ações,LEVE3,Compra,2021-05-17,2021-05-24,-225.0,Compra/Long
Trading Log 2021.xlsx,Maio,21,2021,Ações,GOAU4,Compra,2021-05-06,2021-05-24,-5340.0,Compra/Long
Trading Log 2021.xlsx,Maio,23,2021,Ações,PTBL3,Compra,2021-05-03,2021-05-21,5900.0,Compra/Long
Trading Log 2021.xlsx,Maio,25,2021,Ações,EMAE4,Compra,2021-05-10,-,1729.0,Compra/Long
Trading Log 2021.xlsx,Maio,26,2021,Ações,ALPA4,Compra,2021-05-17,-,-1449.0,Compra/Long
Trading Log 2021.xlsx,Maio,27,2021,Ações,UNIP6,Compra,2021-05-18,-,414.0,Compra/Long
Trading Log 2021.xlsx,Maio,28,2021,Ações,BPAN4,Compra,2021-05-19,-,7644.000000000007,Compra/Long
Trading Log 2021.xlsx,Maio,29,2021,Ações,MGEL4,Compra,2021-05-24,-,-910.0000000000073,Compra/Long
Trading Log 2021.xlsx,Junho,3,2021,Ações,HAGA4,Compra,2021-06-04,2021-06-14,6800.0,Compra/Long
Trading Log 2021.xlsx,Junho,4,2021,Ações,INEP4,Compra,2021-05-25,2021-06-14,11800.0,Compra/Long
Trading Log 2021.xlsx,Junho,5,2021,Ações,POSI3,Compra,2021-05-27,2021-06-17,-1960.0,Compra/Long
Trading Log 2021.xlsx,Junho,6,2021,Ações,LEVE3,Compra,2021-06-04,2021-06-17,-7718.0,Compra/Long
Trading Log 2021.xlsx,Junho,7,2021,Ações,BRKM5,Compra,2021-06-11,2021-06-17,-3792.0,Compra/Long
Trading Log 2021.xlsx,Junho,8,2021,FIIs,SANB11,Compra,2021-06-17,2021-06-18,-5200.0,Compra/Long
Trading Log 2021.xlsx,Junho,9,2021,Ações,HGTX3,Compra,2021-05-27,2021-06-23,16450.0,Compra/Long
Trading Log 2021.xlsx,Junho,10,2021,Ações,NINJ3,Compra,2021-06-22,2021-06-24,7429.0,Compra/Long
Trading Log 2021.xlsx,Junho,11,2021,Ações,PETZ3,Compra,2021-06-18,2021-06-28,-1656.0,Compra/Long
Trading Log 2021.xlsx,Junho,12,2021,Ações,MWET4,Compra,2021-06-22,2021-06-30,-5015.0,Compra/Long
Trading Log 2021.xlsx,Junho,13,2021,Ações,AMAR3,Compra,2021-06-14,2021-07-01,-5060.0,Compra/Long
Trading Log 2021.xlsx,Julho,3,2021,Ações,DOTZ3,Compra,2021-06-25,2021-07-06,-720.0,Compra/Long
Trading Log 2021.xlsx,Julho,4,2021,Ações,PRIO3,Compra,2021-07-05,2021-07-07,-4725.000000000007,Compra/Long
Trading Log 2021.xlsx,Julho,5,2021,Ações,ANIM3,Compra,2021-06-23,2021-07-08,-11110.0,Compra/Long
Trading Log 2021.xlsx,Julho,6,2021,Ações,VULC3,Compra,2021-06-18,2021-07-19,2200.0,Compra/Long
Trading Log 2021.xlsx,Julho,8,2021,Ações,ESPA3,Compra,2021-07-12,2021-07-21,-12382.0,Compra/Long
Trading Log 2021.xlsx,Julho,9,2021,Ações,NTCO3,Compra,2021-06-15,2021-07-27,-609.0,Compra/Long
Trading Log 2021.xlsx,Julho,10,2021,Ações,SQIA3,Compra,2021-07-02,2021-07-28,7440.0,Compra/Long
Trading Log 2021.xlsx,Julho,12,2021,Ações,HGTX3,Compra,2021-07-13,2021-07-27,944.0,Compra/Long
Trading Log 2021.xlsx,Julho,14,2021,Ações,BIDI4,Compra,2021-06-30,2021-07-29,-4900.0,Compra/Long
Trading Log 2021.xlsx,Julho,15,2021,Ações,LCAM3,Compra,2021-07-14,2021-07-29,-1394.0,Compra/Long
Trading Log 2021.xlsx,Julho,16,2021,Ações,WEGE3,Compra,2021-07-28,2021-07-30,-2600.0,Compra/Long
Trading Log 2021.xlsx,Julho,17,2021,Ações,VALE3,Compra,2021-07-28,2021-07-30,-3980.0,Compra/Long
Trading Log 2021.xlsx,Julho,18,2021,Ações,AMBP3,Compra,2021-07-28,2021-07-30,-88.0,Compra/Long
Trading Log 2021.xlsx,Agosto,3,2021,Ações,ABEV3,Venda,2021-08-03,2021-08-03,-2460.0,Venda/Short
Trading Log 2021.xlsx,Agosto,4,2021,Ações,WEGE3,Compra,2021-07-28,2021-08-04,-4600.0,Compra/Long
Trading Log 2021.xlsx,Agosto,5,2021,Ações,BRML3,Venda,2021-08-05,2021-08-09,-4480.0,Venda/Short
Trading Log 2021.xlsx,Agosto,6,2021,Ações,MSFT34,Compra,2021-08-05,2021-08-10,-3456.0,Compra/Long
Trading Log 2021.xlsx,Agosto,7,2021,Ações,AAPL34,Compra,2021-08-10,2021-08-10,-2800.0,Compra/Long
Trading Log 2021.xlsx,Agosto,8,2021,Ações,SLCE3,Venda,2021-08-04,2021-08-11,1980.0,Venda/Short
Trading Log 2021.xlsx,Agosto,9,2021,Ações,CAML3,Venda,2021-08-05,2021-08-17,980.0000000000146,Venda/Short
Trading Log 2021.xlsx,Agosto,10,2021,Ações,VALE3,Venda,2021-08-18,2021-08-18,-200.0,Venda/Short
Trading Log 2021.xlsx,Agosto,11,2021,Ações,JPMC34,Compra,2021-08-20,2021-08-23,-3500.0,Compra/Long
Trading Log 2021.xlsx,Agosto,12,2021,Ações,PSSA3,Compra,2021-08-12,2021-08-24,2150.0,Compra/Long
Trading Log 2021.xlsx,Agosto,13,2021,FIIs,TAEE11,Compra,2021-08-20,2021-08-26,-4020.0,Compra/Long
Trading Log 2021.xlsx,Agosto,14,2021,Ações,LEVE3,Compra,2021-08-19,2021-08-30,5040.0,Compra/Long
Trading Log 2021.xlsx,Agosto,15,2021,Ações,MRFG3,Compra,2021-08-24,2021-08-30,-1860.0000000000073,Compra/Long
Trading Log 2021.xlsx,Agosto,16,2021,Ações,AMBP3,Compra,2021-08-25,2021-08-30,600.0,Compra/Long
Trading Log 2021.xlsx,Agosto,17,2021,Ações,AMBP3,Compra,2021-08-25,2021-08-31,-120.0,Compra/Long
Trading Log 2021.xlsx,Setembro,3,2021,Ações,VIIA3,Venda,2021-09-03,2021-09-03,-340.0,Venda/Short
Trading Log 2021.xlsx,Setembro,4,2021,Ações,MULT3,Venda,2021-09-03,2021-09-03,-875.0,Venda/Short
Trading Log 2021.xlsx,Setembro,5,2021,Ações,ONCO3,Compra,2021-09-06,2021-09-08,-3690.0,Compra/Long
Trading Log 2021.xlsx,Setembro,6,2021,Ações,BRKM5,Compra,2021-08-31,2021-09-17,394.99999999999636,Compra/Long
Trading Log 2021.xlsx,Setembro,7,2021,Ações,MRFG3,Compra,2021-09-06,2021-09-17,-1800.0,Compra/Long
Trading Log 2021.xlsx,Setembro,8,2021,Ações,CPLE6,Compra,2021-09-06,2021-09-17,-6000.0,Compra/Long
Trading Log 2021.xlsx,Setembro,9,2021,Ações,GOGL34,Compra,2021-09-09,2021-09-13,-2656.0,Compra/Long
Trading Log 2021.xlsx,Setembro,10,2021,Ações,CMIG4,Compra,2021-09-22,2021-09-28,735.0,Compra/Long
Trading Log 2021.xlsx,Setembro,11,2021,Ações,CPLE6,Compra,2021-09-22,2021-09-28,120.0,Compra/Long
Trading Log 2021.xlsx,Setembro,12,2021,Ações,INTB3,Compra,2021-09-22,2021-09-28,-576.0,Compra/Long
Trading Log 2021.xlsx,Setembro,13,2021,Ações,FESA4,Compra,2021-09-27,2021-09-28,-6424.0,Compra/Long
Trading Log 2021.xlsx,Outubro,3,2021,Ações,MCDC34,Compra,2021-10-07,2021-10-13,-1155.0,Compra/Long
Trading Log 2021.xlsx,Outubro,4,2021,Ações,EMBR3,Compra,2021-10-11,2021-10-20,-2070.0,Compra/Long
Trading Log 2021.xlsx,Outubro,5,2021,Ações,PETR4,Compra,2021-10-05,2021-10-19,-1305.0,Compra/Long
Trading Log 2021.xlsx,Outubro,6,2021,Ações,JBSS3,Compra,2021-10-13,2021-10-21,-3300.0000000000146,Compra/Long
Trading Log 2021.xlsx,Outubro,7,2021,FIIs,HASH11,Compra,2021-10-18,2021-10-22,1056.0,Compra/Long
Trading Log 2021.xlsx,Outubro,8,2021,FIIs,ETHE11,Compra,2021-10-21,2021-10-22,-5840.0,Compra/Long
Trading Log 2021.xlsx,Outubro,9,2021,Ações,NFLX34,Compra,2021-10-19,2021-11-01,3666.0,Compra/Long
Trading Log 2021.xlsx,Outubro,11,2021,FIIs,ETHE11,Compra,2021-10-25,2021-10-27,-3416.0,Compra/Long
Trading Log 2021.xlsx,Novembro,3,2021,Ações,AAPL34,Compra,2021-10-21,2021-11-10,-3330.0,Compra/Long
Trading Log 2021.xlsx,Novembro,4,2021,Ações,BKNG34,Compra,2021-11-05,2021-11-11,-3488.0,Compra/Long
Trading Log 2021.xlsx,Novembro,5,2021,Ações,GMCO34,Compra,2021-11-01,2021-11-16,4098.0,Compra/Long
Trading Log 2021.xlsx,Novembro,7,2021,Ações,AMZN34,Compra,2021-11-08,2021-12-03,-2032.0,Compra/Long
Trading Log 2021.xlsx,Novembro,10,2021,Ações,BERK34,Compra,2021-11-23,2021-12-02,-1896.0,Compra/Long
Trading Log 2021.xlsx,Novembro,11,2021,Ações,GSGI34,Compra,2021-11-12,2021-11-17,-1260.0,Compra/Long
Trading Log 2021.xlsx,Novembro,12,2021,Ações,JPMC34,Compra,2021-11-16,2021-11-17,-1510.0,Compra/Long
Trading Log 2021.xlsx,Novembro,13,2021,Ações,AAPL34,Compra,2021-11-18,2021-11-23,2646.0,Compra/Long
Trading Log 2021.xlsx,Novembro,14,2021,Ações,COCA34,Compra,2021-11-23,2021-11-26,-1390.0,Compra/Long
Trading Log 2021.xlsx,Novembro,15,2021,Ações,WFCO34,Compra,2021-11-22,,-2927.9999999999854,Compra/Long
Trading Log 2021.xlsx,Novembro,16,2021,Ações,BOAC34,Compra,2021-11-24,2021-11-26,-3910.0,Compra/Long
Trading Log 2021.xlsx,Dezembro,3,2021,Ações,TSCM34,Compra,2021-11-08,2021-12-10,-280.0,Compra/Long
Trading Log 2021.xlsx,Dezembro,5,2021,Ações,UNHH34,Compra,-,2021-12-10,2880.0000000000073,Compra/Long
Trading Log 2021.xlsx,Dezembro,6,2021,Ações,GMCO34,Compra,-,2021-12-10,-279.9999999999927,Compra/Long
Trading Log 2021.xlsx,Dezembro,7,2021,Ações,AMZN34,Compra,2021-12-07,2021-12-10,-2394.0,Compra/Long
Trading Log 2022.xlsx,Janeiro,3,2022,Ações,QCOM34,Compra,2021-12-16,2022-01-10,-5565.000000000007,Compra/Long
Trading Log 2022.xlsx,Janeiro,4,2022,Ações,AAPL34,Compra,2021-12-23,2022-01-18,-5048.0,Compra/Long
Trading Log 2022.xlsx,Janeiro,5,2022,Ações,TSLA34,Compra,2021-12-23,-,-1290.0000000000073,Compra/Long
Trading Log 2022.xlsx,Janeiro,6,2022,Ações,NVDC34,Compra,2021-12-27,2022-01-05,-3204.0,Compra/Long
Trading Log 2022.xlsx,Janeiro,7,2022,Ações,COCA34,Compra,2021-12-29,-,-3248.0,Compra/Long
Trading Log 2022.xlsx,Janeiro,8,2022,Ações,CVCB3,Venda,2022-01-06,2022-01-26,-5700.0,Venda/Short
Trading Log 2022.xlsx,Janeiro,9,2022,Ações,PETR3,Compra,2022-01-12,2022-01-24,2080.0000000000146,Compra/Long
Trading Log 2022.xlsx,Janeiro,10,2022,Ações,CPLE6,Compra,2022-01-24,2022-01-31,2460.0,Compra/Long
Trading Log 2022.xlsx,Janeiro,11,2022,Ações,CPLE6,,2022-01-28,2022-01-31,300.0,Não informado
Trading Log 2022.xlsx,Janeiro,12,2022,Ações,CVCB3,Venda,2022-01-27,2022-01-31,-2720.0,Venda/Short
Trading Log 2022.xlsx,Fevereiro,3,2022,FIIs,TAEE11,Compra,2022-01-31,2022-02-09,-1825.0000000000146,Compra/Long
Trading Log 2022.xlsx,Fevereiro,4,2022,Ações,VIVT3,Compra,2022-02-01,2022-02-07,-2286.0,Compra/Long
Trading Log 2022.xlsx,Fevereiro,5,2022,Ações,VALE3,Compra,2022-02-07,2022-02-17,-1795.0,Compra/Long
Trading Log 2022.xlsx,Fevereiro,6,2022,Ações,ENBR3,Compra,2022-01-19,2022-02-03,-1696.0,Compra/Long
Trading Log 2022.xlsx,Fevereiro,7,2022,Ações,USIM5,Compra,2022-02-10,2022-02-17,-6125.0,Compra/Long
Trading Log 2022.xlsx,Fevereiro,8,2022,Ações,PRIO3,Compra,2022-02-10,2022-02-17,-544.0,Compra/Long
Trading Log 2022.xlsx,Fevereiro,9,2022,Ações,MWET4,Compra,2022-02-11,2022-02-21,-2870.0,Compra/Long
Trading Log 2022.xlsx,Fevereiro,11,2022,Ações,BBAS3,Compra,2022-02-11,2022-02-15,2958.0000000000073,Compra/Long
Trading Log 2022.xlsx,Fevereiro,12,2022,Ações,CHVX34,Compra,2022-02-25,2022-03-02,3895.0,Compra/Long
Trading Log 2022.xlsx,Março,3,2022,Ações,JALL3,Compra,2022-03-03,2022-03-16,-2916.0,Compra/Long
Trading Log 2022.xlsx,Março,4,2022,Ações,CVCB3,Venda,2022-03-07,2022-03-16,-260.0,Venda/Short
Trading Log 2022.xlsx,Março,5,2022,Ações,COCA34,Compra,2022-03-15,2022-03-21,-663.0,Compra/Long
Trading Log 2022.xlsx,Março,6,2022,Ações,COWC34,Compra,2022-03-16,2022-03-21,-966.0,Compra/Long
Trading Log 2022.xlsx,Março,7,2022,Ações,VIVT3,Compra,2022-03-17,2022-03-21,1215.0,Compra/Long
Trading Log 2022.xlsx,Março,8,2022,Ações,LPSB3,Compra,2022-03-22,2022-03-24,-4240.0,Compra/Long
Trading Log 2022.xlsx,Março,9,2022,Ações,LPSB3,Compra,2022-03-24,-,280.0,Compra/Long
Trading Log 2022.xlsx,Março,10,2022,Ações,SMTO3,Compra,2022-03-02,2022-03-31,504.0,Compra/Long
Trading Log 2022.xlsx,Março,11,2022,Ações,PETR3,Compra,2022-01-25,2022-03-07,-2640.0,Compra/Long
Trading Log 2022.xlsx,Março,12,2022,Ações,BRAP4,Compra,2022-02-07,2022-03-02,3024.0,Compra/Long
Trading Log 2022.xlsx,Abril,3,2022,Ações,EQTL3,Compra,2022-03-24,2022-04-08,-5190.0,Compra/Long
Trading Log 2022.xlsx,Abril,4,2022,FIIs,TAEE11,Compra,2022-02-23,2022-04-13,3820.0,Compra/Long
Trading Log 2022.xlsx,Abril,6,2022,Ações,VIVT3,Compra,2022-03-17,2022-04-12,945.0,Compra/Long
Trading Log 2022.xlsx,Abril,7,2022,Ações,BBAS3,Compra,2022-03-21,2022-04-13,3016.0,Compra/Long
Trading Log 2022.xlsx,Abril,8,2022,Ações,ENBR3,Compra,2022-03-21,2022-04-13,4500.0,Compra/Long
Trading Log 2022.xlsx,Abril,9,2022,Ações,CPLE6,Compra,22.0,2022-04-13,-2050.0,Compra/Long
Trading Log 2022.xlsx,Junho,3,2022,Ações,PETR3,Venda,2022-05-31,2022-06-01,-280.0,Venda/Short
Trading Log 2022.xlsx,Junho,4,2022,Ações,ESPA3,Venda,2022-06-01,2022-06-15,2160.0,Venda/Short
Trading Log 2022.xlsx,Junho,5,2022,Ações,LJQQ3,Venda,2022-06-03,2022-06-15,3960.0,Venda/Short
Trading Log 2022.xlsx,Junho,6,2022,Ações,CBAV3,Venda,2022-06-08,2022-06-15,4065.0,Venda/Short
Trading Log 2022.xlsx,Julho,3,2022,Ações,OPCT3,Venda,2022-06-09,2022-07-07,945.0,Venda/Short
Trading Log 2022.xlsx,Julho,4,2022,Ações,OPCT3,Venda,2022-06-17,2022-07-07,-640.0,Venda/Short
Trading Log 2022.xlsx,Julho,5,2022,Ações,CXSE3,Venda,2022-06-17,2022-07-15,450.0,Venda/Short
Trading Log 2022.xlsx,Julho,6,2022,Ações,JBSS3,Venda,2022-06-17,2022-07-15,3520.0,Venda/Short
Trading Log 2022.xlsx,Julho,7,2022,Ações,DESK3,Venda,2022-07-14,2022-07-21,-9360.0,Venda/Short
Trading Log 2022.xlsx,Julho,8,2022,Ações,WEGE3,Venda,2022-07-11,2022-07-27,-570.0,Venda/Short
Trading Log 2022.xlsx,Julho,9,2022,Ações,WEGE3,Venda,2022-07-21,2022-07-27,-3780.0,Venda/Short
Trading Log 2022.xlsx,Julho,10,2022,Ações,BBDC4,Venda,2022-07-14,2022-07-27,-7830.0,Venda/Short
Trading Log 2022.xlsx,Agosto,3,2022,FIIs,TAEE11,Compra,2022-07-22,2022-08-03,2760.0000000000146,Compra/Long
Trading Log 2022.xlsx,Agosto,4,2022,Ações,BBSE3,Compra,2022-07-25,2022-08-03,4160.0,Compra/Long
Trading Log 2022.xlsx,Agosto,5,2022,Ações,SBSP3,Compra,2022-07-28,2022-08-03,3905.000000000029,Compra/Long
Trading Log 2022.xlsx,Agosto,6,2022,Ações,CIEL3,Compra,2022-07-27,2022-08-05,4200.000000000004,Compra/Long
Trading Log 2022.xlsx,Agosto,7,2022,Ações,CIEL3,Compra,2022-07-27,2022-08-08,4760.000000000004,Compra/Long
Trading Log 2022.xlsx,Agosto,8,2022,Ações,BBAS3,Compra,2022-08-04,2022-08-09,3216.0,Compra/Long
Trading Log 2022.xlsx,Agosto,9,2022,Ações,BBAS3,Compra,2022-08-04,2022-08-09,2856.0,Compra/Long
Trading Log 2022.xlsx,Agosto,10,2022,Ações,CPFE3,Compra,2022-08-04,2022-08-11,-611.9999999999927,Compra/Long
Trading Log 2022.xlsx,Agosto,11,2022,Ações,NFLX34,Compra,2022-08-04,2022-08-17,2640.0,Compra/Long
Trading Log 2022.xlsx,Agosto,12,2022,Ações,NFLX34,Compra,2022-08-18,2022-08-19,-6000.0,Compra/Long
Trading Log 2022.xlsx,Agosto,13,2022,Ações,MSFT34,Compra,2022-08-10,2022-08-22,-1120.0,Compra/Long
Trading Log 2022.xlsx,Agosto,14,2022,Ações,MSFT34,Compra,2022-08-16,2022-08-22,-7860.0,Compra/Long
Trading Log 2022.xlsx,Agosto,15,2022,Ações,NFLX34,Compra,2022-08-19,2022-08-22,-9180.0,Compra/Long
Trading Log 2022.xlsx,Agosto,16,2022,Ações,CMIG4,Compra,2022-08-24,2022-08-26,-6840.0,Compra/Long
Trading Log 2022.xlsx,Agosto,17,2022,Ações,BEEF3,Compra,2022-08-24,2022-08-29,2789.9999999999927,Compra/Long
Trading Log 2022.xlsx,Agosto,18,2022,Ações,BEEF3,Compra,2022-08-24,2022-08-31,930.0,Compra/Long
Trading Log 2022.xlsx,Agosto,19,2022,Ações,PETR3,Compra,2022-08-23,2022-08-30,-192.00000000001455,Compra/Long
Trading Log 2022.xlsx,Setembro,3,2022,Ações,BBAS3,Compra,2022-08-29,2022-09-06,-9800.0,Compra/Long
Trading Log 2022.xlsx,Setembro,4,2022,Ações,LOGN3,Compra,2022-08-29,2022-09-06,-2492.0,Compra/Long
Trading Log 2022.xlsx,Setembro,5,2022,Ações,SBSP3,Compra,2022-08-31,2022-09-06,-30.0,Compra/Long
Trading Log 2022.xlsx,Setembro,6,2022,Ações,UNIP6,Compra,2022-08-31,2022-09-06,-870.0,Compra/Long
Trading Log 2022.xlsx,Setembro,7,2022,Ações,SBSP3,Compra,2022-08-31,2022-09-08,2475.0,Compra/Long
Trading Log 2022.xlsx,Setembro,8,2022,Ações,UNIP6,Compra,2022-09-06,2022-09-13,-3564.0,Compra/Long
Trading Log 2022.xlsx,Setembro,9,2022,Ações,UNIP6,Compra,2022-09-08,2022-09-08,-1644.0,Compra/Long
Trading Log 2022.xlsx,Setembro,10,2022,Ações,PETR4,Compra,2022-09-08,2022-09-08,-3060.0,Compra/Long
Trading Log 2022.xlsx,Setembro,11,2022,Ações,SBSP3,Compra,2022-09-08,2022-09-13,-495.0,Compra/Long
Trading Log 2022.xlsx,Setembro,12,2022,Ações,HYPE3,Compra,2022-09-08,-,-512.0,Compra/Long
Trading Log 2022.xlsx,Setembro,13,2022,Ações,BEEF3,Compra,2022-09-19,2022-09-22,-4565.0,Compra/Long
Trading Log 2022.xlsx,Setembro,14,2022,Ações,POSI3,Compra,2022-09-15,2022-09-27,-1640.0,Compra/Long
Trading Log 2022.xlsx,Setembro,15,2022,Ações,ITUB4,Compra,2022-09-15,2022-09-27,-500.0,Compra/Long
Trading Log 2022.xlsx,Setembro,16,2022,Ações,PETR3,Compra,2022-09-22,2022-09-23,-5775.0,Compra/Long
Trading Log 2022.xlsx,Outubro ,3,2022,Ações,PETR4,Compra,2022-10-06,2022-10-21,2031.9999999999982,Compra/Long
Trading Log 2022.xlsx,Outubro ,4,2022,Ações,ORVR3,Compra,2022-10-11,2022-11-08,824.0,Compra/Long
Trading Log 2022.xlsx,Outubro ,5,2022,Ações,EQTL3,Compra,2022-10-04,2022-10-14,-1500.0,Compra/Long
Trading Log 2022.xlsx,Outubro ,6,2022,Ações,TUPY3,Compra,2022-10-14,2022-11-04,7440.0,Compra/Long
Trading Log 2022.xlsx,Outubro ,7,2022,Ações,LWSA3,Compra,2022-10-18,2022-10-19,-385.0000000000073,Compra/Long
Trading Log 2022.xlsx,Outubro ,8,2022,Ações,PETR4,Compra,2022-10-19,2022-10-24,-458.99999999999636,Compra/Long
Trading Log 2022.xlsx,Outubro ,10,2022,Ações,BBAS3,Compra,2022-10-20,2022-10-24,-2783.0000000000073,Compra/Long
Trading Log 2022.xlsx,Outubro ,11,2022,Ações,LOGN3,Compra,2022-10-24,2022-11-08,-2013.0,Compra/Long
Trading Log 2022.xlsx,Outubro ,12,2022,Ações,UNIP6,Compra,2022-10-27,2022-11-08,2303.0,Compra/Long
Trading Log 2022.xlsx,Outubro ,13,2022,Ações,ELET6,Compra,2022-10-28,2022-10-31,1814.9999999999927,Compra/Long
Trading Log 2022.xlsx,Novembro,3,2022,Ações,FLRY3,Compra,2022-11-03,2022-11-07,-649.9999999999927,Compra/Long
Trading Log 2022.xlsx,Novembro,4,2022,Ações,LEVE3,Compra,2022-11-03,2022-11-10,-1200.0,Compra/Long
Trading Log 2022.xlsx,Novembro,5,2022,Ações,VULC3,Compra,2022-11-03,2022-11-09,-1525.0,Compra/Long
Trading Log 2022.xlsx,Novembro,6,2022,Ações,FESA4,Compra,2022-11-08,2022-11-10,-2592.0,Compra/Long
Trading Log 2022.xlsx,Novembro,7,2022,Ações,ROMI3,Compra,2022-11-09,2022-11-09,-3240.0,Compra/Long
Trading Log 2022.xlsx,Novembro,8,2022,Ações,PRIO3,Compra,2022-11-09,2022-11-10,-3444.0,Compra/Long
Trading Log 2022.xlsx,Novembro,9,2022,Ações,PRIO3,Compra,2022-11-14,2022-11-17,-8820.0,Compra/Long
Trading Log 2022.xlsx,Novembro,10,2022,Ações,UNIP6,Compra,2022-11-18,-,-2440.0,Compra/Long
Trading Log 2022.xlsx,Dezembro,3,2022,Ações,VALE3,Compra,2022-11-29,-,2870.0,Compra/Long
Trading Log 2022.xlsx,Dezembro,4,2022,Ações,BRAP4,Compra,2022-12-01,-,2400.0,Compra/Long
Trading Log 2022.xlsx,Dezembro,5,2022,Ações,RANI3,Compra,2022-12-06,2022-12-12,-2880.0000000000073,Compra/Long
Trading Log 2022.xlsx,Dezembro,6,2022,Ações,VIIA3,Compra,2022-12-20,2022-12-27,-800.0,Compra/Long
Trading Log 2022.xlsx,Dezembro,7,2022,Ações,MEAL3,Compra,2022-12-27,-,540.0,Compra/Long
Trading Log 2023.xlsx,MERCADOS FIIS,3,2023,FIIs,CPTS11,C,2023-09-04,2023-09-25,-3887.0,Compra/Long
Trading Log 2023.xlsx,MERCADOS FIIS,4,2023,FIIs,CPTS12,C,2023-09-04,2023-09-25,-2376.0,Compra/Long
Trading Log 2023.xlsx,MERCADOS FIIS,5,2023,FIIs,MCHF11,C,2023-09-04,2023-09-05,-2500.0,Compra/Long
Trading Log 2023.xlsx,MERCADOS FIIS,6,2023,FIIs,XPML11,C,2023-09-05,2023-09-13,-570.0,Compra/Long
Trading Log 2023.xlsx,MERCADOS FIIS,7,2023,FIIs,RECR11,C,2023-09-08,2023-09-26,-4753.760000000009,Compra/Long
Trading Log 2023.xlsx,MERCADOS FIIS,8,2023,FIIs,RECR11,C,2023-09-08,2023-09-25,-3900.0,Compra/Long
Trading Log 2023.xlsx,MERCADOS FIIS,9,2023,FIIs,RECR11,C,2023-09-08,2023-09-08,-600.5,Compra/Long
Trading Log 2023.xlsx,HIGH WAY TO HELL - DT AÇÕES,3,2023,Day Trade,CVCB3,,,,-110.0,Não informado
Trading Log 2023.xlsx,HIGH WAY TO HELL - DT AÇÕES,4,2023,Day Trade,CVCB3,,,,380.0,Não informado
Trading Log 2023.xlsx,HIGH WAY TO HELL - DT AÇÕES,5,2023,Day Trade,EMBR3,,,,138.0,Não informado
Trading Log 2023.xlsx,HIGH WAY TO HELL - DT AÇÕES,6,2023,Day Trade,LIGT3,,,,-465.0,Não informado
Trading Log 2023.xlsx,HIGH WAY TO HELL - DT AÇÕES,7,2023,Day Trade,TRAD3,,,,0.0,Não informado
Trading Log 2023.xlsx,HIGH WAY TO HELL - DT AÇÕES,8,2023,Day Trade,AMAR3,,,,60.0,Não informado
Trading Log 2023.xlsx,HIGH WAY TO HELL - DT AÇÕES,9,2023,Day Trade,PCAR3,,,,320.0,Não informado
Trading Log 2023.xlsx,HIGH WAY TO HELL - DT AÇÕES,10,2023,Day Trade,PCAR3,,,,216.0,Não informado
Trading Log 2023.xlsx,HIGH WAY TO HELL - DT AÇÕES,11,2023,Day Trade,ANIM3,,,,902.0,Não informado
Trading Log 2023.xlsx,HIGH WAY TO HELL - DT AÇÕES,12,2023,Day Trade,TRAD3,,,,-140.0,Não informado
Trading Log 2023.xlsx,HIGH WAY TO HELL - DT AÇÕES,13,2023,Day Trade,SEER3,,,,-250.0,Não informado
Trading Log 2023.xlsx,HIGH WAY TO HELL - DT AÇÕES,14,2023,Day Trade,PCAR3,,,,676.0,Não informado
Trading Log 2023.xlsx,HIGH WAY TO HELL - DT AÇÕES,15,2023,Day Trade,IFCM3,,,,-160.0,Não informado
Trading Log 2023.xlsx,HIGH WAY TO HELL - DT AÇÕES,16,2023,Day Trade,LJQQ3,,,,0.0,Não informado
Trading Log 2023.xlsx,KISS - TF AÇÕES,3,2023,Ações,VALE3,C,2022-11-29,2023-02-01,5802.999999999993,Compra/Long
Trading Log 2023.xlsx,KISS - TF AÇÕES,4,2023,Ações,BRAP4,C,2022-12-01,2023-02-02,4304.0,Compra/Long
Trading Log 2023.xlsx,KISS - TF AÇÕES,5,2023,Ações,LOGN3,C,2023-01-02,2023-01-03,-4050.0,Compra/Long
Trading Log 2023.xlsx,KISS - TF AÇÕES,6,2023,Ações,MEAL3,C,2022-12-27,2023-01-16,-3960.0,Compra/Long
Trading Log 2023.xlsx,KISS - TF AÇÕES,7,2023,Ações,GOAU4,C,2023-01-11,2023-02-02,-2204.9999999999927,Compra/Long
Trading Log 2023.xlsx,KISS - TF AÇÕES,8,2023,Ações,CMIG4,C,2023-01-17,2023-02-16,-4740.0,Compra/Long
Trading Log 2023.xlsx,KISS - TF AÇÕES,9,2023,Ações,BBAS3,C,2023-01-17,2023-03-02,3078.0,Compra/Long
Trading Log 2023.xlsx,KISS - TF AÇÕES,10,2023,Ações,SLCE3,C,2023-01-20,2023-02-22,1275.0,Compra/Long
Trading Log 2023.xlsx,KISS - TF AÇÕES,11,2023,Ações,HYPE3,C,2023-01-31,2023-02-22,-6644.0,Compra/Long
Trading Log 2023.xlsx,KISS - TF AÇÕES,12,2023,Ações,ITUB4,C,2023-02-16,2023-02-24,-5085.0,Compra/Long
Trading Log 2023.xlsx,KISS - TF AÇÕES,13,2023,Ações,WEGE3,C,2023-02-17,2023-03-02,-500.0,Compra/Long
Trading Log 2023.xlsx,KISS - TF AÇÕES,14,2023,Ações,AMZN34,C,2023-03-23,2023-03-24,-2449.0,Compra/Long
Trading Log 2023.xlsx,KISS - TF AÇÕES,15,2023,Ações,COCA34,C,2023-03-24,2023-04-12,-4014.0,Compra/Long
Trading Log 2023.xlsx,KISS - TF AÇÕES,16,2023,FIIs,BPAC11,C,2023-04-12,2023-08-11,23225.000000000015,Compra/Long
Trading Log 2023.xlsx,KISS - TF AÇÕES,17,2023,Ações,BBAS3,C,2023-04-12,2023-07-11,17376.000000000015,Compra/Long
Trading Log 2023.xlsx,KISS - TF AÇÕES,18,2023,Ações,ELET6,C,2023-04-12,2023-05-08,-5543.999999999985,Compra/Long
Trading Log 2023.xlsx,KISS - TF AÇÕES,19,2023,Ações,RAIL3,C,2023-04-17,2023-08-11,14500.0,Compra/Long
Trading Log 2023.xlsx,KISS - TF AÇÕES,20,2023,Ações,PCAR3,C,2023-04-24,2023-04-27,-7605.0,Compra/Long
Trading Log 2023.xlsx,KISS - TF AÇÕES,21,2023,Ações,RAIZ4,C,2023-04-24,2023-08-07,16340.0,Compra/Long
Trading Log 2023.xlsx,KISS - TF AÇÕES,22,2023,Ações,BPAN4,C,2023-05-15,2023-08-04,39600.000000000015,Compra/Long
Trading Log 2023.xlsx,KISS - TF AÇÕES,23,2023,Ações,BRFS3,C,2023-05-15,2023-05-16,-9078.0,Compra/Long
Trading Log 2023.xlsx,KISS - TF AÇÕES,24,2023,Ações,CMIN3,C,2023-05-17,2023-06-21,-4488.0,Compra/Long
Trading Log 2023.xlsx,KISS - TF AÇÕES,25,2023,Ações,GGBR4,C,2023-06-19,2023-08-09,532.0,Compra/Long
Trading Log 2023.xlsx,KISS - TF AÇÕES,26,2023,Ações,RECV3,C,2023-07-21,2023-08-14,4732.0,Compra/Long
Trading Log 2023.xlsx,KISS - TF AÇÕES,27,2023,Ações,FIQE3,C,2023-08-04,2023-08-14,-11280.000000000015,Compra/Long
Trading Log 2023.xlsx,KISS - TF AÇÕES,28,2023,Ações,FIQE3,V,2023-08-18,2023-08-24,-8400.0,Venda/Short
Trading Log 2023.xlsx,KISS - TF AÇÕES,29,2023,Ações,TASA4,C,2023-09-18,2023-09-25,-6560.0,Compra/Long
Trading Log 2023.xlsx,KISS - TF AÇÕES,30,2023,Ações,PETR4,C,2023-09-18,2023-09-26,-77.0,Compra/Long
Trading Log 2024.xlsx,Eden v3 - Swing Trading,3,2024,Ações,CEAB3,Compra,2024-04-19,2024-04-25,-1250.0,Compra/Long
Trading Log 2024.xlsx,Eden v3 - Swing Trading,4,2024,Ações,POSI3,Compra,2024-04-19,2024-04-24,-4970.0,Compra/Long
Trading Log 2024.xlsx,Eden v3 - Swing Trading,5,2024,FIIs,SAPR11,Compra,-,-,-660.0,Compra/Long
Trading Log 2024.xlsx,Eden v3 - Swing Trading,6,2024,Ações,NVDC34,Compra,2024-04-19,2024-04-24,-4769.999999999985,Compra/Long
Trading Log 2024.xlsx,Eden v3 - Swing Trading,7,2024,Ações,RRRP3,Compra,2024-04-19,2024-04-24,-1290.0,Compra/Long
Trading Log 2024.xlsx,Eden v3 - Swing Trading,9,2024,Ações,CXSE3,Compra,2024-04-25,2024-05-06,7700.0,Compra/Long
Trading Log 2024.xlsx,Eden v3 - Swing Trading,11,2024,Ações,EMBR3,Compra,2024-04-26,2024-05-14,11150.0,Compra/Long
Trading Log 2024.xlsx,Eden v3 - Swing Trading,14,2024,Ações,WEGE3,Compra,2024-04-25,2024-05-09,-200.0,Compra/Long
Trading Log 2024.xlsx,Eden v3 - Swing Trading,15,2024,Ações,STBP3,Compra,2024-05-02,2024-05-06,-990.0,Compra/Long
Trading Log 2024.xlsx,Eden v3 - Swing Trading,16,2024,Ações,JBSS3,Compra,2024-05-08,2024-05-15,4324.0,Compra/Long
Trading Log 2024.xlsx,Eden v3 - Swing Trading,17,2024,Ações,NFLX34,Compra,2024-05-06,2024-05-23,7635.0,Compra/Long
Trading Log 2024.xlsx,Eden v3 - Swing Trading,19,2024,Ações,BPAN4,Compra,2024-05-13,2024-05-22,-360.0,Compra/Long
Trading Log 2024.xlsx,Eden v3 - Swing Trading,22,2024,Ações,GUAR3,Compra,2024-05-16,2024-05-21,-2700.0,Compra/Long
Trading Log 2024.xlsx,Eden v3 - Swing Trading,23,2024,Ações,MRFG3,Compra,2024-05-16,2024-05-31,288.0,Compra/Long
Trading Log 2024.xlsx,Eden v3 - Swing Trading,25,2024,Ações,AMD134,Compra,2024-05-22,2024-05-23,-4977.0,Compra/Long
Trading Log 2024.xlsx,Eden v3 - Swing Trading,28,2024,Ações,NVDC34,Compra,2024-05-09,2024-05-31,35190.0,Compra/Long
Trading Log 2024.xlsx,Eden v3 - Swing Trading,31,2024,Ações,M1TA34,Compra,2024-05-27,2024-05-31,-5625.000000000015,Compra/Long
Trading Log 2024.xlsx,Eden v3 - Swing Trading,34,2024,Ações,MELI34,Compra,2024-05-31,2024-06-04,-3020.0,Compra/Long
Trading Log 2024.xlsx,Eden v3 - Swing Trading,35,2024,Ações,EMBR3,Compra,2024-06-04,2024-06-06,-4344.0,Compra/Long
Trading Log 2024.xlsx,Eden v3 - Swing Trading,36,2024,FIIs,HASH11,Compra,2024-05-27,2024-06-06,2379.0,Compra/Long
Trading Log 2024.xlsx,Eden v3 - Swing Trading,37,2024,Ações,CIEL3,Compra,2024-06-03,2024-06-10,0.0,Compra/Long
Trading Log 2024.xlsx,Eden v3 - Swing Trading,39,2024,Ações,PETR3,Compra,2024-05-31,2024-06-12,-4664.0,Compra/Long
Trading Log 2024.xlsx,Eden v3 - Swing Trading,40,2024,Ações,PETR3,Compra,2024-05-31,2024-06-12,-5456.000000000015,Compra/Long
Trading Log 2024.xlsx,Eden v3 - Swing Trading,41,2024,Ações,PETR4,Compra,2024-05-31,-,-10485.0,Compra/Long
Trading Log 2024.xlsx,Eden v3 - Swing Trading,43,2024,Ações,JBSS3,Compra,2024-06-06,2024-06-12,-174.0,Compra/Long
Trading Log 2024.xlsx,Eden v3 - Swing Trading,44,2024,Ações,JBSS3,Compra,2024-06-06,2024-06-12,-156.0,Compra/Long
Trading Log 2024.xlsx,Eden v3 - Swing Trading,46,2024,Ações,AMD134,Compra,2024-05-27,2024-06-14,-2810.0,Compra/Long
Trading Log 2024.xlsx,Eden v3 - Swing Trading,47,2024,Ações,ORCL34,Compra,2024-06-10,2024-06-20,14480.0,Compra/Long
Trading Log 2024.xlsx,Eden v3 - Swing Trading,49,2024,Ações,NFLX34,Compra,2024-06-11,2024-06-24,5404.0,Compra/Long
Trading Log 2024.xlsx,Eden v3 - Swing Trading,50,2024,Ações,NFLX34,Compra,2024-06-14,2024-06-24,4048.0,Compra/Long
Trading Log 2024.xlsx,Eden v3 - Swing Trading,52,2024,Ações,NVDC34,Compra,2024-06-12,2024-06-20,8540.0,Compra/Long
Trading Log 2024.xlsx,Eden v3 - Swing Trading,53,2024,Ações,C2OI34,Compra,2024-06-12,2024-06-20,-5648.0,Compra/Long
Trading Log 2024.xlsx,Eden v3 - Swing Trading,54,2024,Ações,AMZO34,Compra,2024-06-20,2024-06-24,-4257.0,Compra/Long
Trading Log 2024.xlsx,Eden v3 - Swing Trading,56,2024,Ações,CMIG4,Compra,2024-06-24,-,-1520.0,Compra/Long
Trading Log 2024.xlsx,Eden v3 - Swing Trading,57,2024,Ações,CMIG4,Compra,2024-06-24,-,-3120.0,Compra/Long
Trading Log 2024.xlsx,Eden v3 - Swing Trading,59,2024,Ações,PETR3,Compra,2024-06-24,2024-06-26,-1680.000000000029,Compra/Long
Trading Log 2024.xlsx,Eden v3 - Swing Trading,62,2024,Ações,MSFT34,Compra,2024-06-17,2024-07-03,11504.0,Compra/Long
Trading Log 2024.xlsx,Eden v3 - Swing Trading,64,2024,Ações,AMZO34,Compra,2024-06-26,2024-07-02,5832.0,Compra/Long
Trading Log 2024.xlsx,Eden v3 - Swing Trading,65,2024,Ações,AMZO34,Compra,2024-06-26,2024-07-03,9191.999999999985,Compra/Long
Trading Log 2024.xlsx,Eden v3 - Swing Trading,67,2024,Ações,EXXO34,Compra,2024-06-26,2024-07-02,2772.0,Compra/Long
Trading Log 2024.xlsx,Eden v3 - Swing Trading,68,2024,Ações,MRFG3,Compra,2024-06-27,2024-07-03,1440.0,Compra/Long
Trading Log 2024.xlsx,Eden v3 - Swing Trading,69,2024,Ações,MELI34,Compra,2024-06-25,2024-07-10,1419.0,Compra/Long
Trading Log 2024.xlsx,Eden v3 - Swing Trading,71,2024,Ações,A1MD34,Compra,2024-07-02,2024-07-16,1980.0,Compra/Long
Trading Log 2024.xlsx,Eden v3 - Swing Trading,74,2024,Ações,NVDC34,Compra,2024-07-10,2024-07-16,-10450.0,Compra/Long
Trading Log 2024.xlsx,Eden v3 - Swing Trading,76,2024,Ações,EGIE3,Compra,2024-07-03,2024-07-17,2944.0,Compra/Long
Trading Log 2024.xlsx,Eden v3 - Swing Trading,77,2024,Ações,EGIE3,Compra,2024-07-03,2024-07-17,5421.0,Compra/Long
Trading Log 2024.xlsx,Eden v3 - Swing Trading,79,2024,Ações,MELI34,Compra,2024-06-25,2024-07-17,1896.9599999999919,Compra/Long
Trading Log 2024.xlsx,Eden v3 - Swing Trading,80,2024,Ações,AAPL34,Compra,2024-07-02,2024-07-18,2100.0,Compra/Long
Trading Log 2024.xlsx,Eden v3 - Swing Trading,81,2024,Ações,PETR4,Compra,2024-07-15,2024-07-22,-1830.0,Compra/Long
Trading Log 2024.xlsx,Eden v3 - Swing Trading,83,2024,Ações,CXSE3,Compra,2024-07-18,2024-07-25,-3225.0,Compra/Long
Trading Log 2024.xlsx,Eden v3 - Swing Trading,84,2024,Ações,CXSE3,Compra,2024-07-18,2024-07-25,-2940.0,Compra/Long
Trading Log 2024.xlsx,Eden v3 - Swing Trading,86,2024,Ações,AMBP3,Compra,2024-07-26,2024-07-29,6000.0,Compra/Long
Trading Log 2024.xlsx,Eden v3 - Swing Trading,87,2024,Ações,AMBP3,Compra,2024-07-26,2024-07-29,5202.0,Compra/Long
Trading Log 2024.xlsx,Eden v3 - Swing Trading,88,2024,Ações,AMBP3,Compra,2024-07-29,2024-06-29,-4640.0,Compra/Long
Trading Log 2024.xlsx,Eden v3 - Swing Trading,90,2024,Ações,SYNE3,Compra,2024-07-16,2024-07-29,-299.9999999999927,Compra/Long
Trading Log 2024.xlsx,Eden v3 - Swing Trading,91,2024,Ações,AMZO34,Compra,2024-07-23,2024-07-30,3638.0,Compra/Long
Trading Log 2024.xlsx,Eden v3 - Swing Trading,92,2024,Ações,GOGL34,Compra,2024-07-29,2024-07-30,-4776.0,Compra/Long
Trading Log 2024.xlsx,Eden v3 - Swing Trading,93,2024,Ações,SYNE3,Compra,2024-07-08,2024-07-31,0.0,Compra/Long
Trading Log 2024.xlsx,Eden v3 - Swing Trading,94,2024,Ações,AMBP3,Compra,2024-07-30,2024-07-31,-8204.0,Compra/Long
Trading Log 2024.xlsx,Eden v3 - Swing Trading,97,2024,Ações,EMBR3,Compra,2024-07-18,2024-08-02,-4795.0,Compra/Long
Trading Log 2024.xlsx,Eden v3 - Swing Trading,98,2024,Ações,AMZO34,Compra,2024-07-31,2024-08-02,-15296.0,Compra/Long
Trading Log 2024.xlsx,Eden v3 - Swing Trading,100,2024,Ações,AMBP3,Compra,2024-07-30,2024-08-01,16614.0,Compra/Long
Trading Log 2024.xlsx,Eden v3 - Swing Trading,101,2024,Ações,AMBP3,Compra,2024-08-02,2024-08-02,21630.0,Compra/Long
Trading Log 2024.xlsx,Eden v3 - Swing Trading,102,2024,Ações,AMBP3,Compra,2024-08-02,2024-08-02,17115.0,Compra/Long
Trading Log 2024.xlsx,Eden v3 - Swing Trading,103,2024,Ações,AMBP3,Compra,2024-08-05,2024-08-05,-9270.0,Compra/Long
Trading Log 2024.xlsx,Eden v3 - Swing Trading,104,2024,Ações,AMBP3,Compra,2024-08-07,2024-08-07,-4450.0,Compra/Long
Trading Log 2024.xlsx,Eden v3 - Swing Trading,106,2024,Ações,MELI34,Compra,2024-08-05,2024-08-05,-1870.0,Compra/Long
Trading Log 2024.xlsx,Eden v3 - Swing Trading,108,2024,Ações,L1MN34,Compra,2024-08-06,2024-08-07,5740.0,Compra/Long
Trading Log 2024.xlsx,Eden v3 - Swing Trading,109,2024,Ações,L1MN34,Compra,2024-08-06,2024-08-07,3805.0,Compra/Long
Trading Log 2024.xlsx,Eden v3 - Swing Trading,110,2024,Ações,L1MN34,Compra,2024-08-07,2024-08-08,-2750.0,Compra/Long
Trading Log 2024.xlsx,Eden v3 - Swing Trading,112,2024,Ações,SBSP3,Compra,2024-07-22,2024-08-09,9150.0,Compra/Long
Trading Log 2024.xlsx,Eden v3 - Swing Trading,113,2024,Ações,SBSP3,Compra,2024-07-31,2024-08-09,618.0,Compra/Long
Trading Log 2024.xlsx,Eden v3 - Swing Trading,115,2024,Ações,AMBP3,Compra,2024-08-09,2024-08-12,3150.0,Compra/Long
Trading Log 2024.xlsx,Eden v3 - Swing Trading,116,2024,Ações,AMBP3,Compra,2024-08-09,2024-08-12,21465.0,Compra/Long
Trading Log 2024.xlsx,Eden v3 - Swing Trading,117,2024,Ações,AMBP3,Compra,2024-08-12,2024-08-12,3231.0,Compra/Long
Trading Log 2024.xlsx,Eden v3 - Swing Trading,119,2024,Ações,BRFS3,Compra,2024-08-08,2024-08-14,8280.0,Compra/Long
Trading Log 2024.xlsx,Eden v3 - Swing Trading,120,2024,Ações,BRFS3,Compra,2024-08-08,2024-08-14,6160.0,Compra/Long
Trading Log 2024.xlsx,Eden v3 - Swing Trading,122,2024,Ações,SYNE3,Compra,2024-08-12,2024-08-15,4040.0,Compra/Long
Trading Log 2024.xlsx,Eden v3 - Swing Trading,123,2024,Ações,SYNE3,Compra,2024-08-12,2024-08-15,3000.0,Compra/Long
Trading Log 2024.xlsx,Eden v3 - Swing Trading,125,2024,Ações,SBSP3,Compra,2024-07-22,2024-08-15,5645.0,Compra/Long
Trading Log 2024.xlsx,Eden v3 - Swing Trading,126,2024,Ações,SBSP3,Compra,2024-07-31,2024-08-15,7014.000000000007,Compra/Long
Trading Log 2024.xlsx,Eden v3 - Swing Trading,128,2024,Ações,AMBP3,Compra,2024-08-15,2024-08-16,3500.0,Compra/Long
Trading Log 2024.xlsx,Eden v3 - Swing Trading,129,2024,Ações,COC34,Compra,2024-08-16,2024-08-19,-1845.0,Compra/Long
Trading Log 2024.xlsx,Eden v3 - Swing Trading,130,2024,Ações,MELI34,Compra,2024-08-05,2024-08-20,2565.0,Compra/Long
Trading Log 2024.xlsx,Eden v3 - Swing Trading,132,2024,Ações,MRFG3,Compra,2024-08-09,2024-08-16,3480.0,Compra/Long
Trading Log 2024.xlsx,Eden v3 - Swing Trading,133,2024,Ações,MRFG3,Compra,2024-08-09,2024-08-23,9080.0,Compra/Long
Trading Log 2024.xlsx,Eden v3 - Swing Trading,135,2024,Ações,MELI34,Compra,2024-08-05,2024-08-23,2190.0,Compra/Long
Trading Log 2024.xlsx,Eden v3 - Swing Trading,136,2024,Ações,TSLA34,Compra,2024-08-19,2024-08-26,-1940.0,Compra/Long
Trading Log 2024.xlsx,Eden v3 - Swing Trading,137,2024,Ações,NVDC34,Compra,2024-08-14,2024-08-26,7500.0,Compra/Long
Trading Log 2024.xlsx,Eden v3 - Swing Trading,139,2024,Ações,PETR4,Compra,2024-08-26,2024-08-27,1150.0,Compra/Long
Trading Log 2024.xlsx,Eden v3 - Swing Trading,140,2024,Ações,PETR4,Compra,2024-08-26,2024-08-27,860.0,Compra/Long
Trading Log 2024.xlsx,Eden v3 - Swing Trading,142,2024,Ações,AMBP3,Compra,2024-08-23,-,-6327.0,Compra/Long
Trading Log 2024.xlsx,Eden v3 - Swing Trading,143,2024,Ações,AMBP3,Compra,2024-08-26,2024-08-27,-2484.0,Compra/Long
Trading Log 2024.xlsx,Eden v3 - Swing Trading,145,2024,Ações,SUZB3,Compra,2024-08-28,2024-08-30,-3300.0,Compra/Long
Trading Log 2024.xlsx,Eden v3 - Swing Trading,146,2024,Ações,MRFG3,Compra,2024-08-28,2024-08-30,-3450.0,Compra/Long
Trading Log 2024.xlsx,Eden v3 - Swing Trading,147,2024,Ações,CXSE3,Compra,2024-08-30,2024-08-30,900.0000000000146,Compra/Long
Trading Log 2024.xlsx,Eden v3 - Swing Trading,150,2024,Ações,SUZB3,Compra,2024-08-20,2024-09-02,-245.0,Compra/Long
Trading Log 2024.xlsx,Eden v3 - Swing Trading,151,2024,Ações,N1VO34,Compra,2024-08-02,2024-09-05,-4670.0,Compra/Long
Trading Log 2024.xlsx,Eden v3 - Swing Trading,152,2024,Ações,EMBR3,Compra,2024-09-06,2024-09-06,-5400.0,Compra/Long
Trading Log 2024.xlsx,Eden v3 - Swing Trading,154,2024,Ações,AZUL4,Venda,2024-09-06,2024-09-06,2700.0,Venda/Short
Trading Log 2024.xlsx,Eden v3 - Swing Trading,155,2024,Ações,AZUL4,Venda,2024-09-09,2024-09-09,4200.000000000007,Venda/Short
Trading Log 2024.xlsx,Eden v3 - Swing Trading,158,2024,Ações,BHIA3,Venda,2024-09-10,2024-09-10,-2240.0,Venda/Short
Trading Log 2024.xlsx,Eden v3 - Swing Trading,159,2024,Ações,AZUL4,Venda,2024-09-10,2024-09-10,-3900.0,Venda/Short
Trading Log 2024.xlsx,Eden v3 - Swing Trading,160,2024,Ações,POMO4,Compra,2024-08-30,2024-09-09,5200.0,Compra/Long
Trading Log 2024.xlsx,Eden v3 - Swing Trading,161,2024,Ações,BRSR6,Compra,2024-09-02,2024-09-09,-4650.0,Compra/Long
Trading Log 2024.xlsx,Eden v3 - Swing Trading,163,2024,Ações,AMBP3,Compra,2024-09-16,2024-09-30,32540.0,Compra/Long
Trading Log 2024.xlsx,Eden v3 - Swing Trading,164,2024,Ações,AMBP3,Compra,2024-09-16,2024-09-25,7974.0,Compra/Long
Trading Log 2024.xlsx,Eden v3 - Swing Trading,169,2024,Ações,AMBP3,Compra,2024-09-16,2024-10-01,16832.0,Compra/Long
Trading Log 2024.xlsx,Eden v3 - Swing Trading,170,2024,Ações,AMBP3,Compra,2024-10-02,2024-10-03,-11770.0,Compra/Long
Trading Log 2024.xlsx,Eden v3 - Swing Trading,171,2024,Ações,UNHH34,Compra,2024-10-02,2024-10-02,-860.0,Compra/Long
Trading Log 2024.xlsx,Eden v3 - Swing Trading,172,2024,Ações,CSLA3,Compra,2024-09-30,2024-10-03,-4620.0,Compra/Long
Trading Log 2024.xlsx,Eden v3 - Swing Trading,173,2024,Ações,AMBP3,Compra,2024-10-02,2024-10-03,-1335.0,Compra/Long
Trading Log 2024.xlsx,Eden v3 - Swing Trading,174,2024,Ações,AMZO34,Compra,2024-10-04,2024-10-07,-4500.0,Compra/Long
Trading Log 2024.xlsx,Eden v3 - Swing Trading,176,2024,Ações,AMBP3,Compra,2024-10-02,2024-10-07,-3411.0,Compra/Long
Trading Log 2024.xlsx,Eden v3 - Swing Trading,177,2024,Ações,AMBP3,Compra,2024-10-02,2024-10-07,-3380.0,Compra/Long
Trading Log 2024.xlsx,Eden v3 - Swing Trading,178,2024,Ações,AMBP3,Compra,2024-10-02,2024-10-07,-5643.0,Compra/Long
Trading Log 2024.xlsx,Eden v3 - Swing Trading,180,2024,Ações,GOGL34,Compra,2024-10-01,2024-10-09,-990.0,Compra/Long
Trading Log 2024.xlsx,Eden v3 - Swing Trading,181,2024,Ações,GOGL34,Compra,2024-10-01,2024-10-09,-4368.0,Compra/Long
Trading Log 2024.xlsx,Eden v3 - Swing Trading,183,2024,Ações,TSLA34,Compra,2024-10-09,2024-10-10,-5650.0,Compra/Long
Trading Log 2024.xlsx,Eden v3 - Swing Trading,184,2024,Ações,AMBP3,Compra,2024-10-15,2024-10-17,-2431.9999999999927,Compra/Long
Trading Log 2024.xlsx,Eden v3 - Swing Trading,185,2024,Ações,NVDC34,Compra,2024-10-07,2024-10-17,9990.0,Compra/Long
Trading Log 2024.xlsx,Eden v3 - Swing Trading,187,2024,Ações,NFLX34,Compra,2024-10-08,2024-10-18,3700.0,Compra/Long
Trading Log 2024.xlsx,Eden v3 - Swing Trading,188,2024,Ações,NFLX34,Compra,2024-10-09,2024-10-18,4200.0,Compra/Long
Trading Log 2024.xlsx,Eden v3 - Swing Trading,189,2024,Ações,NFLX34,Compra,2024-10-09,2024-10-22,6864.0,Compra/Long
Trading Log 2024.xlsx,Eden v3 - Swing Trading,191,2024,Ações,SBSP3,Compra,2024-10-17,2024-10-22,-936.0,Compra/Long
Trading Log 2024.xlsx,Eden v3 - Swing Trading,192,2024,Ações,NVDC34,Compra,2024-10-07,2024-10-23,10260.0,Compra/Long
Trading Log 2024.xlsx,Eden v3 - Swing Trading,194,2024,Ações,AMZO34,Compra,2024-10-18,2024-10-23,-1665.0,Compra/Long
Trading Log 2024.xlsx,Eden v3 - Swing Trading,195,2024,Ações,AMZO34,Compra,2024-10-21,2024-10-23,-2655.0,Compra/Long
Trading Log 2024.xlsx,Eden v3 - Swing Trading,197,2024,Ações,BERK34,Compra,2024-10-09,-,4740.0,Compra/Long
Trading Log 2024.xlsx,Eden v3 - Swing Trading,198,2024,Ações,AAPL34,Compra,2024-10-15,2024-10-24,-2442.0,Compra/Long
Trading Log 2024.xlsx,Eden v3 - Swing Trading,199,2024,Ações,ONVR3,Compra,2024-10-22,2024-10-24,-1725.0,Compra/Long
Trading Log 2024.xlsx,Eden v3 - Swing Trading,200,2024,Ações,BRFS3,Compra,2024-10-23,2024-10-25,-390.0,Compra/Long
Trading Log 2024.xlsx,Eden v3 - Swing Trading,201,2024,Ações,ITUB4,Compra,2024-10-24,2024-10-25,-1120.000000000029,Compra/Long
Trading Log 2024.xlsx,Eden v3 - Swing Trading,202,2024,Ações,ITSA4,Compra,2024-10-29,2024-10-30,-1360.0,Compra/Long
Trading Log 2024.xlsx,Eden v3 - Swing Trading,203,2024,Ações,AMZO34,Compra,2024-10-25,2024-10-31,2100.0,Compra/Long
Trading Log 2024.xlsx,Eden v3 - Swing Trading,205,2024,Ações,AAPL34,Compra,2024-10-25,2024-10-31,-385.0,Compra/Long
Trading Log 2024.xlsx,Eden v3 - Swing Trading,208,2024,Ações,GOGL34,Compra,2024-10-14,2024-10-29,6072.0,Compra/Long
Trading Log 2024.xlsx,Eden v3 - Swing Trading,209,2024,Ações,GOGL34,Compra,2024-10-25,2024-10-31,2540.0,Compra/Long
Trading Log 2024.xlsx,Eden v3 - Swing Trading,210,2024,Ações,GOGL34,Compra,2024-10-14,2024-10-31,7942.0,Compra/Long
Trading Log 2024.xlsx,Eden v3 - Swing Trading,213,2024,Ações,AMBP3,Compra,2024-10-30,2024-11-01,-2844.0,Compra/Long
Trading Log 2024.xlsx,Eden v3 - Swing Trading,215,2024,Ações,CMIG3,Compra,2024-10-28,2024-11-05,960.0,Compra/Long
Trading Log 2024.xlsx,Eden v3 - Swing Trading,216,2024,Ações,CMIG3,Compra,2024-10-28,2024-11-06,900.0000000000291,Compra/Long
Trading Log 2024.xlsx,Eden v3 - Swing Trading,218,2024,Ações,VLID3,Compra,2024-11-05,2024-11-06,-375.0,Compra/Long
Trading Log 2024.xlsx,Eden v3 - Swing Trading,220,2024,Ações,MELI34,Compra,2024-11-01,2024-11-07,-33814.0,Compra/Long
Trading Log 2024.xlsx,Eden v3 - Swing Trading,221,2024,Ações,MELI34,Compra,2024-11-01,2024-11-07,-12750.0,Compra/Long
Trading Log 2024.xlsx,Eden v3 - Swing Trading,222,2024,Ações,MELI34,Compra,2024-11-01,2024-11-06,-1070.0,Compra/Long
Trading Log 2024.xlsx,Eden v3 - Swing Trading,224,2024,Ações,AMBP3,Compra,2024-11-06,2024-11-08,6488.0,Compra/Long
Trading Log 2024.xlsx,Eden v3 - Swing Trading,225,2024,Ações,AMBP3,Compra,2024-11-06,2024-11-08,2070.0,Compra/Long
Trading Log 2024.xlsx,Eden v3 - Swing Trading,226,2024,Ações,AMBP3,Compra,2024-11-08,-,153.0,Compra/Long
Trading Log 2024.xlsx,Eden v3 - Swing Trading,228,2024,Ações,TSLA34,Compra,2024-11-08,-,8560.0,Compra/Long
Trading Log 2024.xlsx,Eden v3 - Swing Trading,229,2024,Ações,NFLX34,Compra,2024-11-01,-,2232.0,Compra/Long
Trading Log 2024.xlsx,Eden v3 - Swing Trading,230,2024,Ações,TSLA34,Compra,2024-11-11,2024-11-11,0.0,Compra/Long
Trading Log 2024.xlsx,Eden v3 - Swing Trading,231,2024,Ações,M2ST34,Compra,2024-11-11,2024-11-11,150.0,Compra/Long
Trading Log 2024.xlsx,Eden v3 - Swing Trading,232,2024,Ações,TTEN3,Compra,2024-11-12,2024-11-12,-307.99999999999636,Compra/Long
Trading Log 2024.xlsx,Eden v3 - Swing Trading,233,2024,Ações,S2HO34,Compra,2024-11-13,2024-11-14,-72.0,Compra/Long
Trading Log 2024.xlsx,Eden v3 - Swing Trading,234,2024,Ações,NFLX34,Compra,2024-11-01,2024-11-18,3003.0,Compra/Long
Trading Log 2024.xlsx,Eden v3 - Swing Trading,236,2024,Ações,NVDC34,Compra,2024-11-06,2024-11-18,-2400.0,Compra/Long
Trading Log 2024.xlsx,Eden v3 - Swing Trading,237,2024,Ações,NVDC34,Compra,2024-11-06,2024-11-18,-3870.0,Compra/Long
Trading Log 2024.xlsx,Eden v3 - Swing Trading,239,2024,Ações,MSFT34,Compra,2024-11-08,2024-11-18,-2760.0,Compra/Long
Trading Log 2024.xlsx,Eden v3 - Swing Trading,240,2024,Ações,AAPL34,Compra,2024-11-11,2024-11-18,-2244.0,Compra/Long
Trading Log 2024.xlsx,Eden v3 - Swing Trading,241,2024,Ações,BERK34,Compra,2024-11-14,2024-11-18,-1263.9999999999854,Compra/Long
Trading Log 2024.xlsx,Eden v3 - Swing Trading,243,2024,Ações,AMBP3,Compra,2024-11-14,2024-11-19,-2040.0,Compra/Long
Trading Log 2024.xlsx,Eden v3 - Swing Trading,244,2024,Ações,AMBP3,Compra,2024-11-14,2024-11-19,5394.0,Compra/Long
Trading Log 2024.xlsx,Eden v3 - Swing Trading,246,2024,Ações,TSMC34,Compra,2024-11-21,-,-2211.300000000003,Compra/Long
Trading Log 2024.xlsx,Eden v3 - Swing Trading,247,2024,Ações,NVDC34,Compra,2024-11-21,2024-11-25,-6604.0,Compra/Long
Trading Log 2024.xlsx,Eden v3 - Swing Trading,249,2024,Ações,AMBP3,Compra,2024-11-14,2024-11-27,132.0,Compra/Long
Trading Log 2024.xlsx,Eden v3 - Swing Trading,250,2024,Ações,AMBP3,Compra,2024-11-14,-,-2528.0,Compra/Long
Trading Log 2024.xlsx,Eden v3 - Swing Trading,252,2024,Ações,CMIG3,Compra,2024-11-27,-,-2150.0,Compra/Long
Trading Log 2024.xlsx,Eden v3 - Swing Trading,254,2024,Ações,C2OI34,Compra,2024-11-28,2024-11-29,-1200.0,Compra/Long
Trading Log 2024.xlsx,Eden v3 - Swing Trading,255,2024,Ações,C2OI34,Compra,2024-11-28,-,-1725.0,Compra/Long
Trading Log 2024.xlsx,Eden v3 - Swing Trading,257,2024,Ações,AAPL34,Compra,2024-11-21,2024-11-28,2480.0,Compra/Long
Trading Log 2024.xlsx,Eden v3 - Swing Trading,258,2024,Ações,AAPL34,Compra,2024-11-21,2024-11-28,1215.0,Compra/Long
Trading Log 2024.xlsx,Eden v3 - Swing Trading,260,2024,Ações,JBSS3,Compra,2024-11-25,2024-11-29,3255.0000000000073,Compra/Long
Trading Log 2024.xlsx,Eden v3 - Swing Trading,263,2024,Ações,JBSS3,Compra,2024-11-25,2024-12-02,4095.0000000000073,Compra/Long
Trading Log 2024.xlsx,Eden v3 - Swing Trading,264,2024,Ações,GOAU4,Compra,2024-11-25,2024-12-02,1890.0,Compra/Long
Trading Log 2024.xlsx,Eden v3 - Swing Trading,265,2024,Ações,BRFS3,Compra,2024-11-29,2024-12-02,-2240.0,Compra/Long
Trading Log 2024.xlsx,Eden v3 - Swing Trading,266,2024,Ações,BABA34,Compra,2024-12-02,2024-12-02,-1305.0,Compra/Long
Trading Log 2024.xlsx,Eden v3 - Swing Trading,268,2024,Ações,AAPL34,Compra,2024-11-21,2024-12-02,7917.0,Compra/Long
Trading Log 2024.xlsx,Eden v3 - Swing Trading,269,2024,Ações,AAPL34,Compra,2024-11-21,2024-12-05,7657.0,Compra/Long
Trading Log 2024.xlsx,Eden v3 - Swing Trading,271,2024,Ações,JNJB34,Compra,2024-11-28,2024-12-04,-567.0,Compra/Long
Trading Log 2024.xlsx,Eden v3 - Swing Trading,273,2024,Ações,BRFS3,Compra,2024-12-02,2024-12-03,2250.0,Compra/Long
Trading Log 2024.xlsx,Eden v3 - Swing Trading,274,2024,Ações,BRFS3,Compra,2024-12-02,2024-12-05,3705.0,Compra/Long
Trading Log 2024.xlsx,Eden v3 - Swing Trading,275,2024,Ações,BRFS3,Compra,2024-12-02,2024-12-09,4620.0,Compra/Long
Trading Log 2024.xlsx,Eden v3 - Swing Trading,277,2024,Ações,NVDC34,Compra,2024-11-29,2024-12-09,-270.0,Compra/Long
Trading Log 2024.xlsx,Eden v3 - Swing Trading,278,2024,Ações,AVGO34,Compra,2024-12-06,2024-12-09,-630.0,Compra/Long
Trading Log 2024.xlsx,Eden v3 - Swing Trading,279,2024,Ações,SUZB3,Compra,2024-12-03,2024-12-10,1488.0,Compra/Long
Trading Log 2024.xlsx,Eden v3 - Swing Trading,280,2024,Ações,C2OI34,Compra,2024-12-04,2024-12-10,-2960.0,Compra/Long
Trading Log 2024.xlsx,Eden v3 - Swing Trading,282,2024,Ações,GOGL34,Compra,2024-12-10,-,2484.0,Compra/Long
Trading Log 2024.xlsx,Eden v3 - Swing Trading,283,2024,Ações,GOGL34,Compra,2024-12-10,2024-12-11,1980.0,Compra/Long
Trading Log 2024.xlsx,Eden v3 - Swing Trading,285,2024,Ações,CRFB3,Venda,2024-12-09,2024-12-11,-7360.0,Venda/Short
Trading Log 2024.xlsx,Eden v3 - Swing Trading,286,2024,Ações,SUZB3,Compra,2024-12-03,-,396.0,Compra/Long
Trading Log 2024.xlsx,Eden v3 - Swing Trading,287,2024,Ações,BLAU3,Compra,2024-12-11,2024-12-12,-2720.0,Compra/Long
Trading Log 2024.xlsx,Eden v3 - Swing Trading,289,2024,Ações,PETR4,Compra,2024-12-09,2024-12-12,-4750.0,Compra/Long
Trading Log 2024.xlsx,Eden v3 - Swing Trading,290,2024,Ações,PETR4,Compra,2024-12-09,2024-12-12,-3350.0,Compra/Long
Trading Log 2024.xlsx,Eden v3 - Swing Trading,291,2024,Ações,PETR4,Compra,2024-12-02,2024-12-12,-1720.0,Compra/Long
Trading Log 2024.xlsx,Eden v3 - Swing Trading,293,2024,Ações,WEGE3,Compra,2024-12-02,2024-12-12,5152.0,Compra/Long
Trading Log 2024.xlsx,Eden v3 - Swing Trading,294,2024,Ações,CRFB3,Venda,2024-12-12,2024-12-12,-800.0,Venda/Short
Trading Log 2024.xlsx,Eden v3 - Swing Trading,296,2024,Ações,AMBP3,Compra,2024-12-11,2024-12-13,4151.0,Compra/Long
Trading Log 2024.xlsx,Eden v3 - Swing Trading,297,2024,Ações,AMBP3,Compra,2024-12-11,2024-12-18,7472.0,Compra/Long
Trading Log 2024.xlsx,Eden v3 - Swing Trading,299,2024,Ações,AMZO34,Compra,2024-12-16,-,-1250.0,Compra/Long
Trading Log 2024.xlsx,Eden v3 - Swing Trading,301,2024,Ações,AAPL34,Compra,2024-12-16,2024-12-19,1638.0,Compra/Long
Trading Log 2024.xlsx,Eden v3 - Swing Trading,302,2024,Ações,AAPL34,Compra,2024-12-16,-,492.0000000000073,Compra/Long
Trading Log 2024.xlsx,Eden v3 - Swing Trading,304,2024,Ações,VALE3,Venda,2024-12-19,2024-12-20,900.0,Venda/Short
Trading Log 2024.xlsx,Eden v3 - Swing Trading,305,2024,Ações,VALE3,Venda,2024-12-19,2024-12-20,546.0,Venda/Short
Trading Log 2024.xlsx,Position (Long Term Trading),3,2024,FIIs,IVVB11,Compra,2024-11-11,2024-12-05,2772.949999999997,Compra/Long
Trading Log 2024.xlsx,Position (Long Term Trading),4,2024,FIIs,IVVB11,Compra,2024-11-11,-,580.25,Compra/Long
Trading Log 2024.xlsx,Position (Long Term Trading),5,2024,FIIs,BITH11,Compra,2024-11-14,-,2053.000000000002,Compra/Long
Trading Log 2024.xlsx,Position (Long Term Trading),6,2024,FIIs,BITH11,Compra,2024-11-14,-,-347.9999999999927,Compra/Long
Trading Log 2024.xlsx,Position (Long Term Trading),7,2024,FIIs,BITH11,Compra,2024-11-14,-,-318.4999999999982,Compra/Long
Trading Log 2024.xlsx,Position (Long Term Trading),8,2024,FIIs,IVVB11,Compra,2024-11-11,-,-1670.4000000000015,Compra/Long
Trading Log 2025.xlsx,(Old) - Ações BR,5,2025,Ações,BEEF3,C,2025-05-05,2025-05-06,-3520.0,Compra/Long
Trading Log 2025.xlsx,(Old) - Ações BR,7,2025,Ações,TEND3,C,2025-05-07,2025-05-09,4900.0,Compra/Long
Trading Log 2025.xlsx,(Old) - Ações BR,8,2025,Ações,TEND3,C,2025-05-07,2025-06-11,28158.000000000007,Compra/Long
Trading Log 2025.xlsx,(Old) - Ações BR,10,2025,Ações,CRFB3,C,2025-05-13,2025-05-30,360.0,Compra/Long
Trading Log 2025.xlsx,(Old) - Ações BR,12,2025,Ações,ISAE4,C,2025-05-16,2025-06-09,-624.0,Compra/Long
Trading Log 2025.xlsx,(Old) - Ações BR,13,2025,Ações,ISAE4,C,2025-05-16,2025-06-09,-5100.0,Compra/Long
Trading Log 2025.xlsx,(Old) - Ações BR,15,2025,Ações,YDUQ3,C,2025-05-23,2025-06-04,5453.999999999993,Compra/Long
Trading Log 2025.xlsx,(Old) - Ações BR,16,2025,Ações,YDUQ3,C,2025-05-23,2025-06-12,3864.0000000000073,Compra/Long
Trading Log 2025.xlsx,(Old) - Ações BR,18,2025,Ações,ITUB4,C,2025-05-27,2025-06-06,-7800.0,Compra/Long
Trading Log 2025.xlsx,(Old) - Ações BR,19,2025,Ações,B3SA3,C,2025-05-27,2025-05-30,-9750.0,Compra/Long
Trading Log 2025.xlsx,(Old) - Ações BR,23,2025,Ações,GGPS3,C,2025-06-04,2025-06-09,-5330.0,Compra/Long
Trading Log 2025.xlsx,(Old) - Ações BR,25,2025,Ações,MYPK3,C,2025-06-09,2025-06-12,3080.0,Compra/Long
Trading Log 2025.xlsx,(Old) - Ações BR,26,2025,Ações,MYPK3,C,2025-06-09,2025-06-20,1200.0000000000146,Compra/Long
Trading Log 2025.xlsx,(Old) - Ações BR,28,2025,Ações,CURY3,C,2025-06-10,2025-06-13,-5750.0,Compra/Long
Trading Log 2025.xlsx,(Old) - Ações BR,29,2025,Ações,RAIL3,C,2025-06-11,2025-06-20,-3650.0,Compra/Long
Trading Log 2025.xlsx,(Old) - Ações BR,30,2025,Ações,POMO4,C,2025-06-13,2025-06-20,-3360.0,Compra/Long
Trading Log 2025.xlsx,(Old) - Ações BR,31,2025,Ações,MOTV3,C,2025-05-15,2025-06-24,-840.0,Compra/Long
Trading Log 2025.xlsx,(Old) - Ações BR,32,2025,Ações,AMBP3,C,2025-06-13,2025-06-24,-7056.0,Compra/Long
Trading Log 2025.xlsx,(Old) - Ações BR,33,2025,Ações,SBSP3,C,2025-05-15,2025-06-25,-784.0,Compra/Long
Trading Log 2025.xlsx,(Old) - Ações BR,34,2025,Ações,SBSP3,C,2025-06-17,2025-06-23,-1055.0,Compra/Long
Trading Log 2025.xlsx,(Old) - Ações BR,35,2025,Ações,VIVT3,C,2025-05-14,2025-06-25,2466.0,Compra/Long
Trading Log 2025.xlsx,(Old) - Ações BR,36,2025,Ações,VIVT3,C,2025-06-11,2025-06-25,1995.0,Compra/Long
Trading Log 2025.xlsx,(Old) - Ações BR,37,2025,Ações,CPLE3,C,2025-06-17,2025-06-27,-4800.0,Compra/Long
Trading Log 2025.xlsx,(Old) - Ações BR,38,2025,Ações,CYRE3,C,2025-06-24,2025-06-30,-2730.0,Compra/Long
Trading Log 2025.xlsx,(Old) - Ações BR,44,2025,Ações,EVEN3,C,2025-06-24,2025-07-03,-2880.0,Compra/Long
Trading Log 2025.xlsx,(Old) - Ações BR,45,2025,Ações,LREN3,C,2025-06-24,2025-07-03,-900.0000000000073,Compra/Long
Trading Log 2025.xlsx,(Old) - Ações BR,46,2025,Ações,MSFT34,C,2025-06-25,2025-07-08,-1596.0,Compra/Long
Trading Log 2025.xlsx,(Old) - Ações BR,48,2025,Ações,NVDC34,C,2025-07-08,2025-07-15,2610.0,Compra/Long
Trading Log 2025.xlsx,(Old) - Ações BR,49,2025,Ações,NVDC34,C,2025-07-08,2025-07-14,2040.0,Compra/Long
Trading Log 2025.xlsx,(Old) - Ações BR,50,2025,Ações,NVDC34,C,2025-06-24,2025-08-01,26280.0,Compra/Long
Trading Log 2025.xlsx,(Old) - Ações BR,51,2025,Ações,NVDC34,C,2025-07-08,2025-08-01,5039.999999999993,Compra/Long
Trading Log 2025.xlsx,(Old) - Ações BR,52,2025,Ações,NVDC34,C,2025-07-24,2025-07-31,2475.0000000000073,Compra/Long
Trading Log 2025.xlsx,(Old) - Ações BR,53,2025,Ações,NVDC34,C,2025-07-24,2025-07-30,900.0,Compra/Long
Trading Log 2025.xlsx,(Old) - Ações BR,54,2025,Ações,NVDC34,C,2025-07-24,2025-07-28,438.75,Compra/Long
Trading Log 2025.xlsx,(Old) - Ações BR,56,2025,Ações,M1TA34,C,2025-06-25,2025-07-18,-1599.5,Compra/Long
Trading Log 2025.xlsx,(Old) - Ações BR,57,2025,Ações,M1TA34,C,2025-06-25,2025-08-01,3264.6900000000096,Compra/Long
Trading Log 2025.xlsx,(Old) - Ações BR,59,2025,Ações,JPMC34,C,2025-06-25,2025-08-01,52.80000000000291,Compra/Long
Trading Log 2025.xlsx,(Old) - Ações BR,60,2025,Ações,JPMC34,C,2025-06-25,2025-07-24,757.8999999999978,Compra/Long
Trading Log 2025.xlsx,(Old) - Ações BR,62,2025,Ações,AMZO34,C,2025-06-30,2025-07-30,1456.1599999999962,Compra/Long
Trading Log 2025.xlsx,(Old) - Ações BR,63,2025,Ações,AMZO34,C,2025-06-30,2025-08-01,-200.54000000000087,Compra/Long
Trading Log 2025.xlsx,(Old) - Ações BR,64,2025,Ações,AMZO34,C,2025-06-30,2025-07-30,6142.499999999985,Compra/Long
Trading Log 2025.xlsx,(Old) - Ações BR,65,2025,Ações,AMZO34,C,2025-07-10,2025-07-28,2238.2000000000044,Compra/Long
Trading Log 2025.xlsx,(Old) - Ações BR,66,2025,Ações,AMZO34,C,2025-07-10,2025-07-21,1396.199999999997,Compra/Long
Trading Log 2025.xlsx,(Old) - Ações BR,68,2025,Ações,MSFT34,C,2025-07-09,2025-07-14,640.0,Compra/Long
Trading Log 2025.xlsx,(Old) - Ações BR,69,2025,Ações,MSFT34,C,2025-07-09,2025-07-25,1345.0,Compra/Long
Trading Log 2025.xlsx,(Old) - Ações BR,70,2025,Ações,MSFT34,C,2025-07-09,2025-07-30,6410.0,Compra/Long
Trading Log 2025.xlsx,(Old) - Ações BR,71,2025,Ações,MSFT34,C,2025-07-09,2025-08-01,1712.5,Compra/Long
Trading Log 2025.xlsx,(Old) - Ações BR,73,2025,FIIs,MXRF11,C,2025-06-30,2025-07-10,810.0,Compra/Long
Trading Log 2025.xlsx,(Old) - Ações BR,74,2025,FIIs,MXRF11,C,2025-06-30,2025-07-18,945.0,Compra/Long
Trading Log 2025.xlsx,(Old) - Ações BR,75,2025,FIIs,MXRF11,C,2025-06-30,2025-07-28,585.0,Compra/Long
Trading Log 2025.xlsx,(Old) - Ações BR,77,2025,Ações,VISA34,C,2025-07-28,2025-07-29,-2744.0,Compra/Long
Trading Log 2025.xlsx,(Old) - Ações BR,78,2025,Ações,VISA34,C,2025-07-28,2025-07-29,-2550.0,Compra/Long
Trading Log 2025.xlsx,(Old) - Ações BR,80,2025,Ações,GOGL34,C,2025-07-29,2025-07-30,646.0,Compra/Long
Trading Log 2025.xlsx,(Old) - Ações BR,81,2025,Ações,GOGL34,C,2025-07-29,2025-07-31,-1140.000000000029,Compra/Long
Trading Log 2025.xlsx,(Old) - Ações BR,83,2025,Ações,GOGL34,C,2025-07-15,2025-08-01,432.0,Compra/Long
Trading Log 2025.xlsx,(Old) - Ações BR,84,2025,Ações,GOGL34,C,2025-07-15,2025-07-24,1102.0,Compra/Long
Trading Log 2025.xlsx,(Old) - Ações BR,85,2025,Ações,GOGL34,C,2025-07-15,2025-07-23,1120.0,Compra/Long
Trading Log 2025.xlsx,(Old) - Ações BR,86,2025,Ações,GOGL34,C,2025-07-15,2025-07-21,540.0,Compra/Long
Trading Log 2025.xlsx,(Old) - Ações BR,88,2025,FIIs,GARE11,C,2025-07-04,2025-07-08,-1120.0,Compra/Long
Trading Log 2025.xlsx,(Old) - Ações BR,89,2025,Ações,ANIM3,C,2025-07-04,2025-07-10,-4410.0,Compra/Long
Trading Log 2025.xlsx,(Old) - Ações BR,90,2025,Ações,MDNE3,C,2025-07-08,2025-07-10,-1416.0,Compra/Long
Trading Log 2025.xlsx,(Old) - Ações BR,91,2025,Ações,BBSE3,V,2025-07-16,2025-07-16,-475.0,Venda/Short
Trading Log 2025.xlsx,(Old) - Ações BR,92,2025,Ações,ARML3,V,2025-07-18,2025-07-18,-1000.0,Venda/Short
Trading Log 2025.xlsx,(Old) - Ações BR,93,2025,Ações,TUPY3,V,2025-07-18,2025-07-18,1280.0,Venda/Short
Trading Log 2025.xlsx,(Old) - Ações BR,94,2025,Ações,ARML3,V,2025-07-21,2025-07-21,-480.0,Venda/Short
Trading Log 2025.xlsx,(Old) - Ações BR,95,2025,Ações,ITUB4,V,2025-07-28,2025-07-28,72.0,Venda/Short
Trading Log 2025.xlsx,(Old) - Ações BR,96,2025,Ações,ARML3,V,2025-07-29,2025-07-29,200.0,Venda/Short
Trading Log 2025.xlsx,(Old) - Ações BR,99,2025,Ações,NVDC34,C,2025-08-04,2025-08-05,-1800.0,Compra/Long
Trading Log 2025.xlsx,(Old) - Ações BR,100,2025,Ações,NVDC34,C,2025-08-04,2025-08-05,-780.0,Compra/Long
Trading Log 2025.xlsx,(Old) - Ações BR,102,2025,Ações,M1TA34,C,2025-08-05,2025-08-05,-1813.0,Compra/Long
Trading Log 2025.xlsx,(Old) - Ações BR,103,2025,Ações,BHIA3,V,2025-08-07,2025-08-07,-1600.0,Venda/Short
Trading Log 2025.xlsx,(Old) - Ações BR,105,2025,Ações,PSSA3,C,2025-08-12,2025-08-14,-800.0,Compra/Long
Trading Log 2025.xlsx,(Old) - Ações BR,106,2025,Ações,PSSA3,C,2025-08-12,2025-08-13,1130.0,Compra/Long
Trading Log 2025.xlsx,(Old) - Ações BR,108,2025,Ações,VBBR3,C,2025-08-12,2025-08-13,-3350.0,Compra/Long
Trading Log 2025.xlsx,(Old) - Ações BR,109,2025,Ações,VBBR3,C,2025-08-12,2025-08-13,-2950.0,Compra/Long
Trading Log 2025.xlsx,(Old) - Ações BR,111,2025,Ações,MULT3,C,2025-08-12,2025-08-14,-2590.0,Compra/Long
Trading Log 2025.xlsx,(Old) - Ações BR,113,2025,Ações,BBDC4,C,2025-08-13,2025-08-14,-4400.0,Compra/Long
Trading Log 2025.xlsx,(Old) - Ações BR,114,2025,Ações,BBDC4,C,2025-08-14,2025-08-14,-1100.0,Compra/Long
Trading Log 2025.xlsx,(Old) - Ações BR,116,2025,Ações,MULT3,C,2025-08-14,2025-08-14,-1050.0,Compra/Long
Trading Log 2025.xlsx,(Old) - Ações BR,117,2025,Ações,MULT3,C,2025-08-18,2025-08-19,-500.0,Compra/Long
Trading Log 2025.xlsx,(Old) - Ações BR,119,2025,Ações,JHSF3,C,2025-08-18,2025-08-20,-272.0,Compra/Long
Trading Log 2025.xlsx,(Old) - Ações BR,120,2025,Ações,CURY3,C,2025-08-18,2025-08-20,-574.9999999999982,Compra/Long
Trading Log 2025.xlsx,(Old) - Ações BR,122,2025,Ações,CSMG3,C,2025-08-12,2025-08-22,1390.0,Compra/Long
Trading Log 2025.xlsx,(Old) - Ações BR,123,2025,Ações,CSMG3,C,2025-08-12,2025-08-28,2835.0,Compra/Long
Trading Log 2025.xlsx,(Old) - Ações BR,124,2025,Ações,CSMG3,C,2025-08-12,2025-09-22,12654.000000000007,Compra/Long
Trading Log 2025.xlsx,(Old) - Ações BR,125,2025,Ações,CSMG3,C,2025-09-03,2025-09-04,640.0,Compra/Long
Trading Log 2025.xlsx,(Old) - Ações BR,126,2025,Ações,CSMG3,C,2025-09-03,2025-09-04,1760.0,Compra/Long
Trading Log 2025.xlsx,(Old) - Ações BR,127,2025,Ações,CSMG3,C,2025-09-03,2025-09-05,6072.0,Compra/Long
Trading Log 2025.xlsx,(Old) - Ações BR,129,2025,Ações,CURY3,C,2025-08-22,2025-09-09,286.0,Compra/Long
Trading Log 2025.xlsx,(Old) - Ações BR,130,2025,Ações,CURY3,C,2025-08-22,2025-09-05,1085.0000000000036,Compra/Long
Trading Log 2025.xlsx,(Old) - Ações BR,131,2025,Ações,CURY3,C,2025-08-22,2025-08-28,777.0,Compra/Long
Trading Log 2025.xlsx,(Old) - Ações BR,133,2025,Ações,JHFS3,C,2025-08-23,2025-08-29,950.0000000000036,Compra/Long
Trading Log 2025.xlsx,(Old) - Ações BR,134,2025,Ações,JHFS3,C,2025-08-23,2025-09-09,-599.9999999999964,Compra/Long
Trading Log 2025.xlsx,(Old) - Ações BR,135,2025,Ações,JHFS3,C,2025-08-23,2025-09-09,-1500.0,Compra/Long
Trading Log 2025.xlsx,(Old) - Ações BR,137,2025,Ações,INBR32,C,2025-08-27,2025-08-28,1410.0,Compra/Long
Trading Log 2025.xlsx,(Old) - Ações BR,138,2025,Ações,INBR32,C,2025-08-27,2025-09-04,-2160.0,Compra/Long
Trading Log 2025.xlsx,(Old) - Ações BR,143,2025,Ações,PLPL3,C,2025-09-02,2025-09-03,189.0,Compra/Long
Trading Log 2025.xlsx,(Old) - Ações BR,144,2025,Ações,PLPL3,C,2025-09-02,2025-09-03,496.0,Compra/Long
Trading Log 2025.xlsx,(Old) - Ações BR,145,2025,Ações,PLPL3,C,2025-09-02,2025-09-03,975.0,Compra/Long
Trading Log 2025.xlsx,(Old) - Ações BR,147,2025,Ações,NFLX34,C,2025-09-09,2025-09-11,-8113.5,Compra/Long
Trading Log 2025.xlsx,(Old) - Ações BR,149,2025,Ações,AMZN34,C,2025-09-09,2025-09-12,-6657.0,Compra/Long
Trading Log 2025.xlsx,(Old) - Ações BR,150,2025,Ações,AMZN34,C,2025-09-09,2025-09-12,-2456.0,Compra/Long
Trading Log 2025.xlsx,(Old) - Ações BR,152,2025,Ações,ROXO34,C,2025-09-10,2025-09-17,-520.0,Compra/Long
Trading Log 2025.xlsx,(Old) - Ações BR,153,2025,Ações,ROXO34,C,2025-09-16,2025-09-23,950.0,Compra/Long
Trading Log 2025.xlsx,(Old) - Ações BR,154,2025,Ações,ROXO34,C,2025-09-18,2025-09-23,560.0,Compra/Long
Trading Log 2025.xlsx,(Old) - Ações BR,155,2025,Ações,ROXO34,C,2025-09-19,2025-09-23,650.0,Compra/Long
Trading Log 2025.xlsx,(Old) - Ações BR,157,2025,Ações,TSLA34,C,2025-09-11,2025-09-15,4145.0,Compra/Long
Trading Log 2025.xlsx,(Old) - Ações BR,158,2025,Ações,TSLA34,C,2025-09-11,2025-09-15,4435.0,Compra/Long
Trading Log 2025.xlsx,(Old) - Ações BR,159,2025,Ações,TSLA34,C,2025-09-11,2025-09-15,2257.5,Compra/Long
Trading Log 2025.xlsx,(Old) - Ações BR,162,2025,Ações,SMFT3,C,2025-09-04,2025-09-19,640.0,Compra/Long
Trading Log 2025.xlsx,(Old) - Ações BR,163,2025,Ações,SMFT3,C,2025-09-04,2025-09-16,650.0,Compra/Long
Trading Log 2025.xlsx,(Old) - Ações BR,164,2025,Ações,SMFT3,C,2025-09-04,2025-09-15,550.0,Compra/Long
Trading Log 2025.xlsx,(Old) - Ações BR,166,2025,Ações,P2LT34,C,2025-09-12,2025-09-17,-1257.0,Compra/Long
Trading Log 2025.xlsx,(Old) - Ações BR,169,2025,Ações,TSLA34,C,2025-09-16,2025-09-17,-1545.0,Compra/Long
Trading Log 2025.xlsx,(Old) - Ações BR,171,2025,Ações,B3SA3,C,2025-09-17,2025-09-22,-2144.0,Compra/Long
Trading Log 2025.xlsx,(Old) - Ações BR,172,2025,Ações,B3SA3,C,2025-09-17,2025-09-17,736.0,Compra/Long
Trading Log 2025.xlsx,(Old) - Ações BR,174,2025,Ações,ECOR3,C,2025-09-17,2025-09-19,-3190.0000000000146,Compra/Long
Trading Log 2025.xlsx,(Old) - Ações BR,175,2025,Ações,EQTL3,C,2025-09-19,2025-09-22,-840.0,Compra/Long
Trading Log 2025.xlsx,(Old) - Ações BR,177,2025,Ações,MSFT34,C,2025-09-22,2025-09-23,-2683.9999999999854,Compra/Long
Trading Log 2025.xlsx,(Old) - Ações BR,178,2025,Ações,MSFT34,C,2025-09-22,2025-09-23,-1680.0,Compra/Long
Trading Log 2025.xlsx,(Old) - Ações BR,180,2025,Ações,TSLA34,C,2025-09-22,2025-09-23,-2760.0,Compra/Long
Trading Log 2025.xlsx,(Old) - Ações BR,181,2025,Ações,M1TA34,C,2025-09-22,2025-09-23,-5415.0,Compra/Long
Trading Log 2025.xlsx,(Old) - Ações BR,183,2025,Ações,BBDC4,C,2025-09-04,-,5451.999999999985,Compra/Long
Trading Log 2025.xlsx,(Old) - Ações BR,184,2025,Ações,BBDC4,C,2025-09-04,2025-09-17,2414.0000000000073,Compra/Long
Trading Log 2025.xlsx,(Old) - Ações BR,185,2025,Ações,BBDC4,C,2025-09-04,2025-09-05,1196.0,Compra/Long
Trading Log 2025.xlsx,(Old) - Ações BR,187,2025,Ações,TOTS3,C,2025-09-16,2025-09-25,4715.0,Compra/Long
Trading Log 2025.xlsx,(Old) - Ações BR,188,2025,Ações,TOTS3,C,2025-09-16,2025-09-16,693.0,Compra/Long
Trading Log 2025.xlsx,(Old) - Ações BR,190,2025,Ações,TSLA34,C,2025-09-24,2025-09-24,468.0,Compra/Long
Trading Log 2025.xlsx,(Old) - Ações BR,191,2025,Ações,TSLA34,C,2025-09-24,2025-09-24,1326.0,Compra/Long
Trading Log 2025.xlsx,(Old) - Ações BR,196,2025,Ações,EQTL3,C,2025-09-23,2025-10-02,-2450.0,Compra/Long
Trading Log 2025.xlsx,(Old) - Ações BR,197,2025,Ações,EQTL3,C,2025-09-29,2025-10-02,-1136.0,Compra/Long
Trading Log 2025.xlsx,(Old) - Ações BR,199,2025,Ações,COGN3,C,2025-09-23,2025-09-25,604.0,Compra/Long
Trading Log 2025.xlsx,(Old) - Ações BR,200,2025,Ações,COGN3,C,2025-09-23,2025-10-03,-90.0,Compra/Long
Trading Log 2025.xlsx,(Old) - Ações BR,201,2025,Ações,COGN3,C,2025-09-23,2025-10-03,-2230.0,Compra/Long
Trading Log 2025.xlsx,(Old) - Ações BR,202,2025,Ações,COGN3,C,2025-09-23,2025-10-03,-570.0,Compra/Long
Trading Log 2025.xlsx,(Old) - Ações BR,204,2025,Ações,ITUB4,C,2025-09-23,2025-09-25,-532.0000000000073,Compra/Long
Trading Log 2025.xlsx,(Old) - Ações BR,205,2025,Ações,ITUB4,C,2025-09-23,2025-10-01,-3362.0,Compra/Long
Trading Log 2025.xlsx,(Old) - Ações BR,207,2025,Ações,JHSF3,C,2025-09-29,2025-10-03,-2400.0,Compra/Long
Trading Log 2025.xlsx,(Old) - Ações BR,208,2025,Ações,JHSF3,C,2025-09-29,2025-09-30,930.9999999999964,Compra/Long
Trading Log 2025.xlsx,(Old) - Ações BR,210,2025,Ações,RANI3,C,2025-10-01,2025-10-16,3000.0,Compra/Long
Trading Log 2025.xlsx,(Old) - Ações BR,211,2025,Ações,RANI3,C,2025-10-01,2025-10-10,558.0,Compra/Long
Trading Log 2025.xlsx,(Old) - Ações BR,212,2025,Ações,RANI3,C,2025-10-01,2025-10-01,1200.0,Compra/Long
Trading Log 2025.xlsx,(Old) - Ações BR,214,2025,Ações,MSFT34,C,2025-10-01,2025-10-16,2449.0,Compra/Long
Trading Log 2025.xlsx,(Old) - Ações BR,215,2025,Ações,NVDA34,C,2025-10-02,2025-10-14,-1881.0,Compra/Long
Trading Log 2025.xlsx,(Old) - Ações BR,217,2025,Ações,AAPL34,C,2025-10-03,2025-10-10,-3870.0,Compra/Long
Trading Log 2025.xlsx,(Old) - Ações BR,218,2025,Ações,AAPL34,C,2025-10-03,2025-10-10,-1233.0000000000073,Compra/Long
Trading Log 2025.xlsx,My Trade (Pullback) - Ações BR,5,2025,FIIs,RZTR11,C,,,247.5,Compra/Long
Trading Log 2025.xlsx,My Trade (Pullback) - Ações BR,6,2025,FIIs,RZTR11,C,,,366.0,Compra/Long
Trading Log 2025.xlsx,My Trade (Pullback) - Ações BR,7,2025,FIIs,RZTR11,C,,,186.0,Compra/Long
Trading Log 2025.xlsx,My Trade (Pullback) - Ações BR,8,2025,FIIs,BBIG11,C,,,935.0,Compra/Long
Trading Log 2025.xlsx,My Trade (Pullback) - Ações BR,9,2025,FIIs,PSEC11,C,,,1116.0,Compra/Long
Trading Log 2025.xlsx,My Trade (Pullback) - Ações BR,10,2025,FIIs,PSEC11,C,,,882.0,Compra/Long
Trading Log 2025.xlsx,My Trade (Pullback) - Ações BR,11,2025,FIIs,MCRE11,C,,,432.0,Compra/Long
Trading Log 2025.xlsx,My Trade (Pullback) - Ações BR,12,2025,FIIs,MCRE11,C,,,251.99999999999636,Compra/Long
Trading Log 2025.xlsx,My Trade (Pullback) - Ações BR,13,2025,Ações,LILY34,C,,,-1891.4999999999854,Compra/Long
Trading Log Delta 2.xlsx,Trading Log,3,2014,Ações,EQTL3,LONG,2014-01-13,2014-01-22,106.0,Compra/Long
Trading Log Delta 2.xlsx,Trading Log,4,2014,Ações,ESTC3,LONG,2014-01-15,2014-01-21,-108.0,Compra/Long
Trading Log Delta 2.xlsx,Trading Log,5,2014,Ações,BTOW3,LONG,2014-01-15,2014-01-27,547.0,Compra/Long
Trading Log Delta 2.xlsx,Trading Log,6,2014,Ações,JSGL3,LONG,2014-01-22,2014-01-24,-178.0,Compra/Long
Trading Log Delta 2.xlsx,Trading Log,7,2014,Ações,LIGT3,LONG,2014-01-23,2014-01-27,-166.0,Compra/Long
Trading Log Delta 2.xlsx,Trading Log,8,2014,Ações,GOLL4,LONG,2014-01-23,2014-01-27,-103.0,Compra/Long
Trading Log Delta 2.xlsx,Trading Log,9,2014,Ações,BTOW3,LONG,2014-01-28,2014-02-03,86.0,Compra/Long
Trading Log Delta 2.xlsx,Trading Log,10,2014,Ações,ESTC3,LONG,2014-02-03,2014-02-18,182.00000000000045,Compra/Long
Trading Log Delta 2.xlsx,Trading Log,11,2014,Ações,QUAL3,LONG,2014-02-05,2014-02-17,-66.00000000000045,Compra/Long
Trading Log Delta 2.xlsx,Trading Log,12,2014,Ações,GOLL4,LONG,2014-02-07,2014-02-27,392.0,Compra/Long
Trading Log Delta 2.xlsx,Trading Log,13,2014,Ações,BEEF3,LONG,2014-02-10,2014-02-11,-32.0,Compra/Long
Trading Log Delta 2.xlsx,Trading Log,14,2014,Ações,BEEF3,LONG,2014-02-14,2014-02-19,-70.00000000000011,Compra/Long
Trading Log Delta 2.xlsx,Trading Log,15,2014,Ações,BISA3,LONG,2014-02-18,2014-02-27,-25.0,Compra/Long
Trading Log Delta 2.xlsx,Trading Log,16,2014,Ações,ESTC3,LONG,2014-02-24,2014-03-10,531.0,Compra/Long
Trading Log Delta 2.xlsx,Trading Log,17,2014,Ações,BTOW3,LONG,2014-02-24,2014-03-17,322.0,Compra/Long
Trading Log Delta 2.xlsx,Trading Log,18,2014,FIIs,SULA11,LONG,2014-02-25,2014-02-26,-50.0,Compra/Long
Trading Log Delta 2.xlsx,Trading Log,19,2014,FIIs,SULA11,LONG,2014-03-05,2014-03-10,-380.0,Compra/Long
Trading Log Delta 2.xlsx,Trading Log,20,2014,Ações,DAYC4,LONG,2014-03-07,2014-03-13,-48.00000000000023,Compra/Long
Trading Log Delta 2.xlsx,Trading Log,21,2014,Ações,SMLE3,LONG,2014-03-10,2014-03-25,-117.99999999999909,Compra/Long
Trading Log Delta 2.xlsx,Trading Log,22,2014,Ações,LINX3,LONG,2014-03-10,2014-03-17,8.0,Compra/Long
Trading Log Delta 2.xlsx,Trading Log,23,2014,Ações,DASA3,LONG,2014-03-14,2014-03-19,-236.99999999999977,Compra/Long
Trading Log Delta 2.xlsx,Trading Log,24,2014,FIIs,ALUP11,LONG,2014-03-18,1480.0,36.0,Compra/Long
Trading Log Delta 2.xlsx,Trading Log,25,2014,Ações,ESTC3,LONG,2014-03-19,2014-03-24,-97.0,Compra/Long
Trading Log Delta 2.xlsx,Trading Log,26,2014,Ações,RADL3,LONG,2014-03-19,2014-04-02,217.00000000000023,Compra/Long
Trading Log Delta 2.xlsx,Trading Log,27,2014,FIIs,SULA11,LONG,2014-03-19,2014-04-01,29.0,Compra/Long
Trading Log Delta 2.xlsx,Trading Log,28,2014,Ações,BTOW3,LONG,2014-03-26,2014-04-10,1228.0,Compra/Long
Trading Log Delta 2.xlsx,Trading Log,29,2014,Ações,EZTC3,LONG,2014-03-28,2014-04-07,81.0,Compra/Long
Trading Log Delta 2.xlsx,Trading Log,30,2014,Ações,SMTO3,LONG,2014-03-28,2014-04-03,-10.0,Compra/Long
Trading Log Ocean 1.xlsx,Ocean 1,3,2014,Ações,PFRM3,LONG,2014-05-02,2014-07-04,511.99999999999955,Compra/Long
Trading Log Ocean 1.xlsx,Ocean 1,4,2014,FIIs,ALUP11,LONG,2014-05-06,2014-06-11,-256.0000000000009,Compra/Long
Trading Log Ocean 1.xlsx,Ocean 1,5,2014,Ações,MRFG3,LONG,2014-05-06,2014-06-25,1204.0,Compra/Long
Trading Log Ocean 1.xlsx,Ocean 1,6,2014,Ações,LLIS3,LONG,2014-05-07,2014-06-23,-328.0,Compra/Long
Trading Log Ocean 1.xlsx,Ocean 1,7,2014,Ações,SLED4,LONG,2014-06-13,2014-07-23,-248.0,Compra/Long
Trading Log Ocean 1.xlsx,Ocean 1,8,2014,FIIs,ALUP11,LONG,2014-06-27,2014-09-12,49.0,Compra/Long
Trading Log Ocean 1.xlsx,Ocean 1,9,2014,Ações,BEMA3,LONG,2014-06-30,2014-07-17,-43.0,Compra/Long
Trading Log Ocean 1.xlsx,Ocean 1,10,2014,Ações,GFSA3,LONG,2014-07-08,2014-07-31,-80.0,Compra/Long
Trading Log Ocean 1.xlsx,Ocean 1,11,2014,Ações,MRVE3,LONG,2014-07-21,2014-08-12,2.0,Compra/Long
Trading Log Ocean 1.xlsx,Ocean 1,12,2014,Ações,SMLE3,LONG,2014-07-24,2014-08-05,-221.9999999999991,Compra/Long
Trading Log Ocean 1.xlsx,Ocean 1,13,2014,Ações,TOTS3,LONG,2014-07-31,2014-09-11,-82.0,Compra/Long
Trading Log Ocean 1.xlsx,Ocean 1,14,2014,Ações,BTOW3,LONG,2014-08-06,2014-08-22,-252.0,Compra/Long
Trading Log Ocean 1.xlsx,Ocean 1,15,2014,Ações,SMTO3,LONG,2014-08-14,2014-09-10,478.0,Compra/Long
Trading Log Ocean 1.xlsx,Ocean 1,16,2014,Ações,BRPR3,LONG,2014-08-26,2014-09-09,-310.0,Compra/Long
Trading Log Ocean 1.xlsx,Ocean 1,17,2014,Ações,BEEF3,LONG,2014-09-18,2014-10-02,-768.0,Compra/Long
Trading Log Ocean 1.xlsx,Ocean 1,18,2014,Ações,DAYC4,LONG,2014-09-18,2014-10-15,-64.0,Compra/Long
Trading Log Ocean 1.xlsx,Ocean 1,19,2014,Ações,SSBR3,LONG,2014-09-18,2014-10-15,-904.0000000000036,Compra/Long
Trading Log Ocean 1.xlsx,Ocean 1,20,2014,Ações,LLIS3,LONG,2014-10-03,2014-10-13,-979.0,Compra/Long
Trading Log Ocean 1.xlsx,Ocean 1,21,2014,Ações,POMO4,LONG,2014-10-07,2014-10-15,-8.0,Compra/Long
Trading Log Ocean 1.xlsx,Ocean 1,22,2014,Ações,ABCB4,LONG,2014-10-14,2014-10-15,-42.0,Compra/Long
Trading Log.xlsx,Position - Ações Small Caps,8,2017,Ações,RLOG3,COMPRA,,,-2627.9999999999964,Compra/Long
Trading Log.xlsx,Position - Ações Small Caps,9,2017,Ações,DTEX3 (T),COMPRA,,,8733.0,Compra/Long
Trading Log.xlsx,Position - Ações Small Caps,10,2017,Ações,TIET11 (T),COMPRA,,,600.0,Compra/Long
Trading Log.xlsx,Position - Ações Small Caps,11,2017,Ações,FIBR3,COMPRA,,,2646.0000000000036,Compra/Long
Trading Log.xlsx,Position - Ações Small Caps,12,2017,Ações,TCSA3 (T),COMPRA,,,-3434.0,Compra/Long
Trading Log.xlsx,Position - Ações Small Caps,13,2017,Ações,SMTO3 (T),COMPRA,,,-703.0,Compra/Long
Trading Log.xlsx,Position - Ações Small Caps,14,2017,Ações,TIET11 (T),COMPRA,,,-930.0,Compra/Long
Trading Log.xlsx,Position - Ações Small Caps,15,2017,Ações,ALPA4 (T),COMPRA,,,2067.0,Compra/Long
Trading Log.xlsx,Position - Ações Small Caps,16,2017,Ações,VVAR11 (T),COMPRA,,2017-10-13,-1990.0,Compra/Long
Trading Log.xlsx,Position - Ações Small Caps,17,2017,Ações,NATU3,COMPRA,,2017-10-13,1456.0,Compra/Long
Trading Log.xlsx,Position - Ações Small Caps,18,2017,Ações,DTEX3 (T),COMPRA,,2017-10-17,-1025.0,Compra/Long
Trading Log.xlsx,Position - Ações Small Caps,19,2017,Ações,KROT3,COMPRA,,2017-10-23,4140.000000000004,Compra/Long
Trading Log.xlsx,Position - Ações Small Caps,20,2017,Ações,ECOR3,COMPRA,,,24.0,Compra/Long
Trading Log.xlsx,Position - Ações Small Caps,21,2017,Ações,HGTX3 (T),COMPRA,,2017-10-31,-2080.0,Compra/Long
Trading Log.xlsx,Position - Ações Small Caps,22,2017,Ações,ALPA4 (T),COMPRA,,2017-10-31,1014.0,Compra/Long
Trading Log.xlsx,Position - Ações Small Caps,23,2017,Ações,ARZZ3,COMPRA,,2017-10-31,-686.0,Compra/Long
Trading Log.xlsx,Position - Ações Small Caps,24,2017,Ações,FESA4(T),COMPRA,,2017-11-07,-660.0,Compra/Long
Trading Log.xlsx,Position - Ações Small Caps,25,2017,Ações,TOTS3 (T),COMPRA,,,-3097.0000000000073,Compra/Long
Trading Log.xlsx,Position - Ações Small Caps,26,2017,Ações,GFSA3 (T),COMPRA,,2017-11-10,-2574.0,Compra/Long
Trading Log.xlsx,Position - Ações Small Caps,27,2017,Ações,ELPL3,COMPRA,,2017-11-30,91.0,Compra/Long
Trading Log.xlsx,Position - Ações Small Caps,28,2017,Ações,SLCE3 (T),COMPRA,,2017-11-30,-832.0,Compra/Long
Trading Log.xlsx,Position - Ações Small Caps,29,2017,Ações,LEVE3,COMPRA,,2017-12-04,120.0,Compra/Long
Trading Log.xlsx,Position - Ações Small Caps,30,2017,Ações,BRAP4 (T),COMPRA,,2017-12-07,-756.0,Compra/Long
Trading Log.xlsx,Position - Ações Small Caps,31,2017,Ações,ECOR3 (T),COMPRA,,,-1365.0,Compra/Long
Trading Log.xlsx,Position - Ações Small Caps,32,2017,Ações,MAGG3,COMPRA,,,15840.0,Compra/Long
Trading Log.xlsx,Position - Ações Small Caps,43,2017,Ações,JBSS3,COMPRA,,-,-82.0,Compra/Long
Trading Log.xlsx,Position - Ações Small Caps,44,2017,Ações,PETR3,COMPRA,,-,-312.00000000000045,Compra/Long
Trading Log.xlsx,Position - Ações Small Caps,45,2017,Ações,BBDC4,COMPRA,,-,27.0,Compra/Long
Trading Log.xlsx,Position - Ações Small Caps,46,2017,Ações,BRAP4,COMPRA,,-,822.0,Compra/Long
Trading Log.xlsx,Position - Ações Small Caps,47,2017,Ações,MRFG3,COMPRA,,-,-182.0,Compra/Long
Trading Log.xlsx,Position - Ações Small Caps,48,2017,Ações,RUMO3,COMPRA,,-,870.0,Compra/Long
Trading Log.xlsx,Position - Ações Small Caps,49,2017,Ações,USIM5,COMPRA,,-,-74.0,Compra/Long
Trading Log.xlsx,Position - Ações Small Caps,50,2017,Ações,JBSS3,COMPRA,,-,-87.0,Compra/Long
Trading Log.xlsx,Position - Ações Small Caps,51,2017,Ações,EMBR3,COMPRA,,-,-654.0,Compra/Long
Trading Log.xlsx,Position - Ações Small Caps,52,2017,Ações,GOAU4,COMPRA,,-,-1602.0,Compra/Long
Trading Log.xlsx,Position - Ações Small Caps,53,2017,Ações,BBAS3,COMPRA,,-,-845.9999999999964,Compra/Long
Trading Log.xlsx,Position - Ações Small Caps,54,2017,Ações,TIMP3,COMPRA,,-,237.00000000000045,Compra/Long
Trading Log.xlsx,Position - Ações Small Caps,55,2017,Ações,TIMP3,COMPRA,,-,110.0,Compra/Long
Trading Log.xlsx,Position - Ações Small Caps,56,2017,Ações,MRVE3,COMPRA,,-,462.0,Compra/Long
Trading Log.xlsx,Position Trade - Futuros,7,2017,Futuros,BGIV17,COMPRA,2017-08-30,,-1128.6000000000058,Compra/Long
Trading Log.xlsx,Position Trade - Futuros,8,2017,Futuros,CCMH18,COMPRA,2017-09-21,,-5629.5,Compra/Long
Trading Log.xlsx,Position Trade - Futuros,9,2017,Futuros,BGIV17,COMPRA,2017-09-25,,-382.80000000004657,Compra/Long
Trading Log.xlsx,Position Trade - Futuros,10,2017,Futuros,BGIK18,COMPRA,2017-10-30,2017-12-08,2227.5,Compra/Long
Trading Log.xlsx,Position Trade - Futuros,11,2017,Futuros,BGIK18,COMPRA,-,2017-12-08,-131.9999999999709,Compra/Long
Trading Log.xlsx,Position Trade - Futuros,12,2017,Futuros,CCMH18,COMPRA,2017-12-18,2017-12-22,-1871.9999999999854,Compra/Long
Trading Log.xlsx,Position Trade - Futuros,19,2017,Futuros,BGIK17,VENDA,-,-,1155.0,Venda/Short
Trading Log.xlsx,Position Trade - Futuros,20,2017,Futuros,BGIK17,VENDA,-,-,79.19999999999709,Venda/Short
Trading Log.xlsx,Position Trade - Futuros,21,2017,Futuros,BGIK17,VENDA,-,-,-198.00000000001455,Venda/Short
Trading Log.xlsx,Position Trade - Futuros,22,2017,Futuros,CCMU17,VENDA,-,-,1075.5,Venda/Short
Trading Log.xlsx,Position Trade - Futuros,23,2017,Futuros,CCMU17,VENDA,-,-,441.0,Venda/Short
Trading Log.xlsx,Position Trade - Futuros,24,2017,Futuros,CCMU17,VENDA,-,-,-927.0,Venda/Short
Trading Log.xlsx,Position Trade - Futuros,25,2017,Futuros,CCMU17,VENDA,-,-,-972.0,Venda/Short
Trading Log.xlsx,Position Trade - Futuros,26,2017,Futuros,CCMU17,VENDA,-,-,-1597.5,Venda/Short
Trading Log.xlsx,Position Trade - Futuros,27,2017,Futuros,CCMU17,VENDA,-,-,-2358.0,Venda/Short
Trading Log.xlsx,Position Trade - Futuros,28,2017,Futuros,CCMU17,VENDA,2017-06-01,2017-06-07,-2520.0,Venda/Short
Trading Log.xlsx,Position Trade - Futuros,29,2017,Futuros,BGIV17,VENDA,2017-05-05,2017-06-22,16671.600000000035,Venda/Short
Trading Log.xlsx,Position Trade - Futuros,30,2017,Futuros,BGIV17,VENDA,2017-05-17,2017-06-22,10586.400000000009,Venda/Short
Trading Log.xlsx,Position Trade - Futuros,31,2017,Futuros,BGIM17,VENDA,2017-05-17,2017-06-22,-1940.3999999999942,Venda/Short
Trading Log.xlsx,Position Trade - Futuros,32,2017,Futuros,BGIV17,VENDA,2017-06-23,2017-06-27,-4356.0,Venda/Short
Trading Log.xlsx,Position Trade - Futuros,33,2017,Futuros,BGIV17,VENDA,2017-07-06,,-2125.2000000000116,Venda/Short
Trading Log.xlsx,Position Trade - Futuros,34,2017,Futuros,ICFU17,VENDA,2017-05-05,2017-07-13,2544.318000000003,Venda/Short
Trading Log.xlsx,Position Trade - Futuros,35,2017,Futuros,ICFU17,VENDA,2017-07-07,2017-07-13,-190.32299999999668,Venda/Short
Trading Log.xlsx,Position Trade - Futuros,36,2017,Futuros,CCMU17,VENDA,2017-05-19,2017-07-18,2110.5,Venda/Short
Trading Log.xlsx,Position Trade - Futuros,37,2017,Futuros,CCMU17,VENDA,2017-05-24,2017-07-18,828.0,Venda/Short
Trading Log.xlsx,Position Trade - Futuros,38,2017,Futuros,CCMU17,VENDA,2017-06-22,2017-07-18,-2088.0,Venda/Short
Trading Log.xlsx,Position Trade - Futuros,39,2017,Futuros,CCMU17,VENDA,2017-06-26,2017-07-18,-2808.0,Venda/Short
Trading Log.xlsx,Position Trade - Futuros,40,2017,Futuros,BGIV17,VENDA,2017-07-13,2017-07-18,-3108.600000000006,Venda/Short
Trading Log.xlsx,Position Trade - Futuros,49,2017,Futuros,CCMU17,VENDA,,,-1008.0,Venda/Short
Trading Log.xlsx,Position Trade - Futuros,50,2017,Futuros,ICFU17,COMPRA,,,-320.5440000000017,Compra/Long
Trading Log.xlsx,Position Trade - Futuros,51,2017,Futuros,BGIV17,COMPRA,,,1356.2999999999956,Compra/Long
Trading Log.xlsx,Position Trade - Futuros,52,2017,Futuros,BGIV17,COMPRA,,,725.9999999999927,Compra/Long
Trading Log.xlsx,Position Trade - Futuros,53,2017,Futuros,BGIV17,COMPRA,,,-221.10000000000582,Compra/Long
Trading Log.xlsx,Position Trade - Futuros,54,2017,Futuros,CCMU17,COMPRA,,,1710.0,Compra/Long
Trading Log.xlsx,Position Trade - Futuros,55,2017,Futuros,CCMU17,COMPRA,,,472.5,Compra/Long
Trading Log.xlsx,Position Trade - Futuros,56,2017,Futuros,CCMU17,COMPRA,,,-1593.0,Compra/Long
Trading Log.xlsx,Day Trade - Ações,8,2017,Day Trade,PETR4,COMPRA,,,-143.0,Compra/Long
Trading Log.xlsx,Day Trade - Ações,9,2017,Day Trade,VALE5,COMPRA,,,-138.0,Compra/Long
Trading Log.xlsx,Day Trade - Ações,10,2017,Day Trade,VALE5,COMPRA,,,810.0,Compra/Long
Trading Log.xlsx,Day Trade - Ações,11,2017,Day Trade,PETR4,COMPRA,,,-450.0,Compra/Long
Trading Log.xlsx,Day Trade - Ações,12,2017,Day Trade,VALE5,COMPRA,,,-455.0,Compra/Long
Trading Log.xlsx,Day Trade - Ações,13,2017,Day Trade,VALE5,VENDA,,,160.0,Venda/Short
Trading Log.xlsx,Day Trade - Ações,14,2017,Day Trade,VALE5,COMPRA,,,-360.0,Compra/Long
Trading Log.xlsx,Day Trade - Ações,15,2017,Day Trade,PETR4,COMPRA,,,-490.0,Compra/Long
Trading Log.xlsx,Day Trade - Ações,16,2017,Day Trade,JBSS3,VENDA,,,6960.0,Venda/Short
Trading Log.xlsx,Day Trade - Ações,17,2017,Day Trade,BBAS3,COMPRA,,,-920.0,Compra/Long
Trading Log.xlsx,Day Trade - Ações,18,2017,Day Trade,JBSS3,COMPRA,,,3639.9999999999927,Compra/Long
Trading Log.xlsx,Day Trade - Ações,19,2017,Day Trade,RADL3,COMPRA,,,48.0,Compra/Long
Trading Log.xlsx,Day Trade - Ações,20,2017,Day Trade,JBSS3,VENDA,,,-350.0,Venda/Short
Trading Log.xlsx,Day Trade - Ações,21,2017,Day Trade,JBSS3,COMPRA,,,350.0,Compra/Long
Trading Log.xlsx,Day Trade - Ações,22,2017,Day Trade,JBSS3,VENDA,,,400.0,Venda/Short
Trading Log.xlsx,Day Trade - Ações,23,2017,Day Trade,JBSS3,COMPRA,,,-420.0,Compra/Long
Trading Log.xlsx,Day Trade - Ações,24,2017,Day Trade,NATU3,VENDA,,,625.0,Venda/Short
Trading Log.xlsx,Day Trade - Ações,25,2017,Day Trade,NATU3,VENDA,,,945.0,Venda/Short
Trading Log.xlsx,Day Trade - Ações,26,2017,Day Trade,NATU3,VENDA,,,-280.0,Venda/Short
Trading Log.xlsx,Day Trade - Ações,27,2017,Day Trade,SANB11,VENDA,,,-699.9999999999854,Venda/Short
Trading Log.xlsx,Day Trade - Ações,28,2017,Day Trade,BRAP4,VENDA,,,-660.0,Venda/Short
Trading Log.xlsx,Day Trade - Ações,29,2017,Day Trade,BRAP4,VENDA,,,1360.0,Venda/Short
Trading Log.xlsx,Day Trade - Ações,30,2017,Day Trade,BBAS3,COMPRA,,,-1200.0,Compra/Long
Trading Log.xlsx,Day Trade - Ações,31,2017,Day Trade,BRAP4,COMPRA,,,-900.0,Compra/Long
Trading Log.xlsx,Day Trade - Ações,32,2017,Day Trade,SUZB5,COMPRA,,,-680.0,Compra/Long
Trading Log.xlsx,Day Trade - Ações,33,2017,Day Trade,BRAP4,VENDA,,,-900.0000000000146,Venda/Short
Trading Log.xlsx,Day Trade - Ações,34,2017,Day Trade,BRAP4,COMPRA,,,-120.0,Compra/Long
Trading Log.xlsx,Day Trade - Ações,35,2017,Day Trade,JBSS3,VENDA,,,-480.0,Venda/Short
Trading Log.xlsx,Day Trade - Ações,36,2017,Day Trade,VALE5,COMPRA,,,-1600.0,Compra/Long
Trading Log.xlsx,Day Trade - Ações,37,2017,Day Trade,PETR4,COMPRA,,,-800.0,Compra/Long
Trading Log.xlsx,Day Trade - Ações,38,2017,Day Trade,PETR4,COMPRA,,,-100.0,Compra/Long
Trading Log.xlsx,Day Trade - Ações,39,2017,Day Trade,PETR4,COMPRA,,,-900.0,Compra/Long
Trading Log.xlsx,Day Trade - Ações,40,2017,Day Trade,VALE5,COMPRA,,,-28.0,Compra/Long
Trading Log.xlsx,Day Trade - Ações,41,2017,Day Trade,PETR4,COMPRA,,,-1100.0,Compra/Long
Trading Log.xlsx,Day Trade - Ações,42,2017,Day Trade,VALE5,COMPRA,,,-600.0,Compra/Long
Trading Log.xlsx,Day Trade - Ações,43,2017,Day Trade,PETR4,COMPRA,,,-680.0,Compra/Long
Trading Log.xlsx,Day Trade - Ações,44,2017,Day Trade,PETR4,COMPRA,,,-480.0,Compra/Long
Trading Log.xlsx,Day Trade - Ações,45,2017,Day Trade,PETR4,COMPRA,,,600.0,Compra/Long
Trading Log.xlsx,Day Trade - Ações,46,2017,Day Trade,VALE5,COMPRA,,,100.0,Compra/Long
Trading Log.xlsx,Day Trade - Ações,47,2017,Day Trade,PETR4,COMPRA,,,300.0,Compra/Long
Trading Log.xlsx,Day Trade - Ações,48,2017,Day Trade,PETR4,COMPRA,,,750.0000000000146,Compra/Long
Trading Log.xlsx,Day Trade - Ações,49,2017,Day Trade,VALE5,COMPRA,,,-1140.0,Compra/Long
